title;unit;in_storage;type;cost;gost;fasovka;characteristic;main_provider
Мука Сокольническая;шт;0;Мука;3250;; 1 кг;;1
Мука высший сорт ;шт;0;Мука;20;;50 кг;;1
Мука пшеничная (1 сорт, высший сорт);шт;0;Мука;0;;;;1
Мука "Макфа" в/с ;шт;0;Мука;27820;;10 кг;;1
Мука пшеничная высший сорт;шт;0;Мука;0;;;;1
Мука Высшего сорта;шт;0;Мука;1550;;;;1
Мука пшеничная;шт;0;Мука;0;;;;1
Мука пшеничная Гост высший сорт;шт;0;Мука;0;;5, 10. 50 кг;;1
Мука хлебопекарная в/с (ГОСТ);шт;0;Мука;14100;;;;1
Мука хлебопекарная I/c (ГОСТ);шт;0;Мука;13600;;;;1
Мука хлебопекарная II/c (ГОСТ);шт;0;Мука;13400;;;;1
Мука хлебопекарная пшеничная обойная;шт;0;Мука;14600;;;;1
Мука ржаная сеяная;шт;0;Мука;11900;;;;1
Мука ржаная обдирная;шт;0;Мука;10300;;;;1
Мука хлебопекарная ржаная цельная;шт;0;Мука;10300;;;;1
Мука ржаная обойная;шт;0;Мука;10300;;;;1
Мука овсяная;шт;0;Мука;17700;;;;1
Мука пшеничная в/с ГОСТ;т;0;Мука;14000;;;кл.28,бел.58-61,ИДК-75-85;1
Мука пшеничная ТУ;шт;0;Мука;0;;;кл.24-27,бел.42-58,ИДК-75-85;1
Мука пшеничная 1-ый сорт ГОСТ;шт;0;Мука;0;;;кл.30,бел.42-48,ИДК-75-85;1
Мука ржаная;шт;0;Мука;0;;;;1
сеяная;шт;0;Мука;0;;;;1
Мука 2-ой сорт ГОСТ;шт;0;Мука;0;;;кл.25,бел.15-20,ИДК 90;1
Сахар кусковой твердый прес. (1х0,4кг)х30;шт;0;Сахар;288;;;;1
Сахар кусковой твердый прес. (1х0,8кг)х15;шт;0;Сахар;482;;;;1
Сахар леденцовый белый Confer (1х0,15кг)х16;шт;0;Сахар;542;;;;1
Сахар леденцовый коричневый Confer (1х0,15кг)х16;шт;0;Сахар;621;;;;1
Сахар порционный ( 1х 5 г ) х 1500;шт;0;Сахар;5;;;;1
Сахар рафинад («Ленсахар») 90 ( 1х0,5кг) х 40;шт;0;Сахар;259;;;;1
Сахар рафинад , «Русский сахар» ( 1х0,5кг ) х 40;шт;0;Сахар;28;;;;1
Сахар рафинад , «Русский сахар» ( 1х1кг ) х 20;шт;0;Сахар;505;;;;1
Сахар рафинад , «Чайкофский» ( 1х0,5кг ) х 40;шт;0;Сахар;302;;;;1
Сахар рафинад , «Чайкофский» ( 1х1кг ) х 20;шт;0;Сахар;57;;;;1
Сахар рафинад , «Чайкофский», фигурн. ( 1х0,5кг ) х 12;шт;0;Сахар;462;;;;1
Сахар-песок весовой (1 х 1кг) х 50;шт;0;Сахар;465;;;;1
Сахар-песок тёмно-коричневый. п/пак ( 1х0,9кг ) х 10 «Брауни»;шт;0;Сахар;989;;;;1
Сахар-песок фас. в п/пак. ( 1х1кг ) х 12 «Русский»;шт;0;Сахар;538;;;;1
Сахар-песок фас. (Расф.)  в п/пак. ( 1х1кг ) х 21;шт;0;Сахар;45;;;;1
Сахар-песок фас.б/пак ( 1х0,9кг ) х 10 «Чайкофский»;шт;0;Сахар;454;;;;1
Соль «Помол 1» ( 1х1 кг) х 18;шт;0;Соль;169;;;;1
Соль поваренная пищевая мелкая высший сорт (1 х 1кг) х 18;шт;0;Соль;213;;;;1
Соль в солонке  (1х500 г) х 10;шт;0;Соль;304;;;;1
Соль в солонке йод. ( 1х 500 г ) х 20;шт;0;Соль;306;;;;1
Соль в солонке йод. ( 1х250 г ) х 21;шт;0;Соль;272;;;;1
Соль поваренная пищевая мелкая йодированная высший сорт (1х1кг) х 18, «Салина»;шт;0;Соль;218;;;;1
разрыхлитель теста 10г Спецаромат;шт;0;Разрыхлитель;103;;;;1
разрыхлитель теста 12г Агроимпорт;шт;0;Разрыхлитель;124;;;;1
разрыхлитель теста 12г Премьер;шт;0;Разрыхлитель;124;;;;1
разрыхлитель теста 18г Цикория;шт;0;Разрыхлитель;13;;;;1
Обычное яйцо перепелиное;упак;0;Яйца;45;;;;1
Отборное яйцо перепелиное;упаковка;0;Яйца;60;;;;1
Яйцо второй категории  (45-55 гр.);шт;0;Яйца;37.00;;;;1
Яйцо первой категории (55-65  гр.);шт;0;Яйца;42.00;;;;1
Яйцо отборной категории (65-75 гр.);шт;0;Яйца;44.00;;;;1
Яйцо высшей категории (75-90 гр.);шт;0;Яйца;50.00;;;;1
Масло "Крестьянское" весовое;кг;0;Масло;0;ГОСТ 37-91;;;1
Масло "Крестьянское" в кашированной фольге 170 гр.;шт;0;Масло;0;ГОСТ 37-91;;;1
Масло шоколадное весовое;кг;0;Масло;0;ГОСТ 6822-67;;;1
Масло шоколадное в кашированной фольге 200гр;шт;0;Масло;0;ГОСТ 6822-67;;;1
Спред "Кубанский" весовой;кг;0;Спред;0;ТУ 9148-003-49464 828-04;;;1
Спред "Кубанский" в фольге 170 гр.;шт;0;Спред;0;ТУ 9148-003-49464 828-04;;;1
Спред "Кубанский" 82,5% жирн. весовой.;кг;0;Спред;0;ТУ 9148-003-49464 828-04;;;1
Спред "Кубанский" 82,5% жирн. в фольге 170 гр.;шт;0;Спред;0;ТУ 9148-003-49464828-04;;;1
Молоко паст. "Краснодарское" 3.2 % жирн. во флягах;кг;0;Молоко;0;ТУ 9222-001-49464 828;;;1
Молоко паст. "Краснодарское" 2,5 % жирн. во флягах;л;0;Молоко;0;ТУ 9222-001-49464 828-04;;;1
Молоко пастер. "Краснодарское" 2,5% жирн. в пленке 1л;шт;0;Молоко;0;ТУ 9222-001-49464 828-04;;;1
Молоко пастер. "Краснодарское" 2,5% жирн. в пленке 0,5л;шт;0;Молоко;0;ТУ 9222-001-49464 828-04;;;1
Молоко пастер. "Краснодарское" 3,2% жирн. в пленке 1 л.;шт;0;Молоко;0;ТУ 9222-001-49464 828-04;;;1
Молоко пастер. "Краснодарское" 3,2% жирн. в пакетах Пюр-Пак 1 л;шт;0;Молоко;0;ТУ 9222-001-49464 828-04;;;1
Молоко цельное отборное пастер. 3,5% жирн. Lean Рack 1л.;шт;0;Молоко;0;ТУ 9222-001-49464 828-04;;;1
Кефир 2,5% жирн. в пленке 500 гр.;шт;0;Кефир;0;ТУ 9222-356-00419 785-04;;;1
Кефир 2,5% жирн. в пленке 1000 гр.;шт;0;Кефир;0;ГОСТ Р 52093-2003;;;1
Кефир 2,5% жирн. в пакетах Пюр-Пак 1000 гр.;шт;0;Кефир;0;ГОСТ Р 52093-2003;;;1
Кефир 2,5% жирн. в пакетах Пюр-Пак 500 гр.;шт;0;Кефир;0;ГОСТ Р 52093-2003;;;1
Кефир 2,5% жирн. в пакетах Пюр-Пак 200 гр.;шт;0;Кефир;0;ГОСТ Р 52093-2003;;;1
Кефир 2,5% жирн. в пакетах Lean Рack 1000 гр.;шт;0;Кефир;0;ГОСТ Р 52093-2003;;;1
Кефир 3,2% жирн. в пакетах Lean Рack 1000 гр.;шт;0;Кефир;0;ГОСТ Р 52093-2003;;;1
Сливки 10% жирн. в пакетах Пюр-Пак 500 гр.;шт;0;Сливки;0;ГОСТ Р 52091-2003;;;1
Сливки 20% жирн. во флягах;кг;0;Сливки;0;ГОСТ Р 52091-2003;;;1
Сметана 15% жирн. вес.;кг;0;Сметана;0;ТУ 9222-355-00419 785-04;;;1
Сметана 15% жирн. в полист. стаканчиках 240 гр.;шт;0;Сметана;0;ТУ-9222-355-00419 785-04;;;1
Сметана 15% жирн. в полист. стаканчиках 470 гр.;шт;0;Сметана;0;ТУ-9222-355-00419 785-04;;;1
Сметана 20% жирн. вес.;кг;0;Сметана;0;ТУ 9222-355-00419 785-04;;;1
Сметана 20% жирн. в полистироловых стаканчиках 100 гр.;шт;0;Сметана;0;ТУ 10,02,02,789-89;;;1
Сметана 20 % жирн. в полист. стак. 240гр.;шт;0;Сметана;0;ТУ-9222-355-00419 785-04;;;1
Сметана 20% жирн. в полист. стаканчиках 240 гр. (герм. упак.);шт;0;Сметана;0;ТУ-9222-355-00419 785-04;;;1
Сметана 20% жирн. в полист. стаканчиках 470 гр.;шт;0;Сметана;0;ТУ-9222-355-00419 785-04;;;1
Сметана 20% жирн. в пленке 470 гр.;шт;0;Сметана;0;ТУ 9222-355-00419 785-04;;;1
Сметана 20% жирн. в пленке 250 гр.;шт;0;Сметана;0;ТУ 9222-355-00419 785-04;;;1
Сметана 20% жирн. ведро 900 гр;шт;0;Сметана;0;ТУ 9222-355-00419 785-04;;;1
"Сметанка из крынки" 20% жирн. 240гр;шт;0;Сметана;0;ТУ 9222-355-00419 785-04;;;1
"Сметанка из крынки" 20% жирн. в п/с 470гр;шт;0;Сметана;0;ТУ 9222-355-00419 785-04;;;1
Сметанка из крынки 20% жирн. ведро 600гр;шт;0;Сметана;0;ТУ 9222-355-00419 785-04;;;1
Сметанка из крынки 20% жирн. ведро 900г;шт;0;Сметана;0;ТУ 9222-355-00419 785-04;;;1
"Сметанка из крынки" 20% жирн. вес.;кг;0;Сметана;0;ТУ 9222-355-00419 785-04;;;1
"Сметанка из крынки" 20% жирн. термизир. п/с 240гр;шт;0;Сметана;0;ТУ 9222-355-00419 785-04;;;1
Масса твор."Солнышко Кубани" 23% жирн. сладкая с изюмом весовая;кг;0;Масса творожная;0;ТУ 9222-030-00439 888-03;;;1
Масса твор. "Солнышко Кубани"23% жирн.сладкая с изюмом в фольге 100 гр;шт;0;Масса творожная;0;ТУ 9222-030-00439 888-03;;;1
Масса твор."Солнышко Кубани" 23% жирн.сладк.с курагой в фольге 100 гр;шт;0;Масса творожная;0;ТУ 9222-030-00439 888-03;;;1
Твор.масса "Солнышко Кубани" 23% жирн. с изюм. вес.;кг;0;Масса творожная;0;ТУ 9222-030-00439 888-05;;;1
Творог "Гулькевичский" нежирный вес.;кг;0;Творог;0;ТУ 9220-002-49464828-04;;;1
Творог "Гулькевичский" нежирный в перг. 250 гр.;шт;0;Творог;0;ТУ 9220-002-49464828-04;;;1
Творог 5% жирн. весовой;кг;0;Творог;0;ТУ 9222-180-00419 785-99;;;1
Творог 5% жирн. "Гулькевичский" вес.;кг;0;Творог;0;ТУ 9220-002-49464 828-04;;;1
Творог 5% жирн. "Гулькевичский" в перг. 250 гр.;шт;0;Творог;0;ТУ 9220-002-49464 828-04;;;1
Творог 5% жирн. "Гулькевичский" в пленке 250 гр.;шт;0;Творог;0;ТУ 9220-002-49464 828-04;;;1
Творог 5% жирн. "Гулькевичский" брикет 250 гр.;шт;0;Творог;0;ТУ 9220-002-49464 828-04;;;1
Творог 5% жирн. "Гулькевичский" в барьерной пленке 500гр.;шт;0;Творог;0;ТУ 9220-002-49464 828-04;;;1
Творог 5% жирн. "Гулькевичский" барьерный пакет 5 кг;шт;0;Творог;0;ТУ 9220-002-49464 828-04;;;1
Творог 9% жирн. вес.;кг;0;Творог;0;ТУ 9222-180-00419 785-99;;;1
Творог 9% жирн. "Гулькевичский" вес.;кг;0;Творог;0;ТУ РСФСР 21-152-89;;;1
Творог 18% жирн. весовой;кг;0;Творог;0;ТУ 9222-180-00419 785-99;;;1
Молоко цельное сгущенное с сахаром во флягах;кг;0;Сгущенное молоко;0;ГОСТ 2903-78;;;1
Прод. сгущенный с сах. 8,5% жирн. вес.;шт;0;Сгущенное молоко;0;ТУ 9226-026-13870 642-05;;;1
Прод. сгущенный с сах. 8,5% жирн. в п/с 200 гр.;шт;0;Сгущенное молоко;0;ТУ 9226-026-13870 642-05;;;1
Майонез "Кубанский" весовой;кг;0;Майонез;0;ГОСТ 30004.1-93;;;1
Майонез "Кубанский" в полист. стаканчиках 250 гр.;шт;0;Майонез;0;ГОСТ 30004.1-93;;;1
Майонез "Кубанский" ведро 1 кг;шт;0;Майонез;0;ГОСТ 30004.1-93;;;1
Молоко сухое обезжиренное;кг;0;Молоко;0;ГОСТ 10970-87;;;1
Молоко цельное сухое 25% жирности;кг;0;Молоко;0;ГОСТ 4495-87;;;1
мед цветочный (луговое разнотравье);кг;0;Мед;144;;;;1
мед лесной;кг;0;Мед;153;;;;1
мед цветочно-гречишный;кг;0;Мед;198;;;;1
мед цветочно-липовый;кг;0;Мед;360;;;;1
мед  акации;кг;0;Мед;396;;;;1
крем-мед;кг;0;Мед;153;;;;1
мед с прополисом;кг;0;Мед;216;;;;1
мед с пергой;кг;0;Мед;315;;;;1
мед с пыльцой;кг;0;Мед;315;;;;1
КАКАО-ПОРОШОК ДЛЯ ПРОМЫШЛЕННОЙ ПЕРЕРАБОТКИ ВЕЛЛА МОЛОТАЯ;шт;0;Какао-порошок;0;;МЕШОК 25кг ;;1
КАКАО-ПОРОШОК НАТУРАЛЬНЫЙ, ЖИРНОСТЬ 11.4%, pH 5.8;шт;0;Какао-порошок;0;;МЕШОК 25кг;;1
КАКАО-ПОРОШОК НАТУРАЛЬНЫЙ ГОСТ 108-76;шт;0;Какао-порошок;0;;МЕШОК 25кг;;1
KVB 0850 КАКАО-ПОРОШОК НАТУРАЛЬНЫЙ KVB / Cargill;шт;0;Какао-порошок;0;;МЕШОК 25кг;;1
KVB 8710 КАКАО-ПОРОШОК СЛАБО АЛКАЛИЗОВАННЫЙ KVB / Cargill;шт;0;Какао-порошок;0;;;;1
KVB 8965 КАКАО-ПОРОШОК АЛКАЛИЗОВАННЫЙ KVB / Cargill;шт;0;Какао-порошок;0;;;;1
ESFIRA КАКАО-ПОРОШОК СИЛЬНО АЛКАЛИЗОВАННЫЙ pH 8,0 "ЭСФИРА";шт;0;Какао-порошок;0;;МЕШОК 25кг;;1
JB 800 КАКАО-ПОРОШОК АЛКАЛИЗОВАННЫЙ "JB COCOA";шт;0;Какао-порошок;0;;МЕШОК 25кг;;1
Ароматизатор  Ананас 1001;кг;0;Ароматизаторы;0;;;;1
Ароматизатор  Анис 1011;кг;0;Ароматизаторы;0;;;;1
Ароматизатор Апельсин (Австрия);кг;0;Ароматизаторы;0;;;;1
Ароматизатор Апельсин (РФ);кг;0;Ароматизаторы;0;;;;1
Ароматизатор банан 1131;кг;0;Ароматизаторы;0;;;;1
Ароматизатор Барбарис 1162;кг;0;Ароматизаторы;0;;;;1
Ароматизатор Брусника 3902;кг;0;Ароматизаторы;0;;;;1
Ароматизатор Ваниль 1141 (РФ);кг;0;Ароматизаторы;0;;;;1
Ароматизатор Ваниль (Австрия);кг;0;Ароматизаторы;0;;;;1
Ароматизатор Ванильно-сливочный 2401;кг;0;Ароматизаторы;0;;;;1
Аароматизатор Виноград 9004;кг;0;Ароматизаторы;0;;;;1
Ароматизатор Вишня 1152;кг;0;Ароматизаторы;0;;;;1
Ароматизатор Горький миндаль (Австрия);кг;0;Ароматизаторы;0;;;;1
Ароматизатор Горький миндаль 1181;кг;0;Ароматизаторы;0;;;;1
Ароматизатор Грецкий орех 1171;кг;0;Ароматизаторы;0;;;;1
Ароматизатор Груша 1161;кг;0;Ароматизаторы;0;;;;1
Ароматизатор Дыня 1103;кг;0;Ароматизаторы;0;;;;1
Ароматизатор Дюшес 9015;кг;0;Ароматизаторы;0;;;;1
Ароматизатор Зеленое яблоко 3403;кг;0;Ароматизаторы;0;;;;1
Ароматизатор Земляника 1605;кг;0;Ароматизаторы;0;;;;1
Ароматизатор Ирландский крем 7112;кг;0;Ароматизаторы;0;;;;1
Ароматизатор Какао 1301;кг;0;Ароматизаторы;0;;;;1
Ароматизатор Карамель 2403;кг;0;Ароматизаторы;0;;;;1
Ароматизатор Клубника 1603;кг;0;Ароматизаторы;0;;;;1
Ароматизатор Клюква 7500;кг;0;Ароматизаторы;0;;;;1
Ароматизатор Кокос 1701;кг;0;Ароматизаторы;0;;;;1
Ароматизатор Коньяк 9000;кг;0;Ароматизаторы;0;;;;1
Ароматизатор Кофе 1401;кг;0;Ароматизаторы;0;;;;1
Ароматизатор Креветка МА/1 333;кг;0;Ароматизаторы;0;;;;1
Ароматизатор Крем-брюле 7115;кг;0;Ароматизаторы;0;;;;1
Ароматизатор Лесной орех 1991;кг;0;Ароматизаторы;0;;;;1
Ароматизатор Лимон (Австрия);кг;0;Ароматизаторы;0;;;;1
Ароматизатор Лимон (РФ) 1903;кг;0;Ароматизаторы;0;;;;1
Ароматизатор Малина 2002;кг;0;Ароматизаторы;0;;;;1
Ароматизатор Мандарин 2012;кг;0;Ароматизаторы;0;;;;1
Ароматизатор Мед 2301;кг;0;Ароматизаторы;0;;;;1
Ароматизатор Мята 7001;кг;0;Ароматизаторы;0;;;;1
Ароматизатор Персик 7003;кг;0;Ароматизаторы;0;;;;1
Ароматизатор Ром  (РФ) 2802;кг;0;Ароматизаторы;0;;;;1
Ароматизатор Ром (Австрия);кг;0;Ароматизаторы;0;;;;1
Ароматизатор Сгущеное молоко 3301;кг;0;Ароматизаторы;0;;;;1
Ароматизатор Слива 9090;кг;0;Ароматизаторы;0;;;;1
Ароматизатор Смородина 3001;кг;0;Ароматизаторы;0;;;;1
Ароматизатор Творог 3208;кг;0;Ароматизаторы;0;;;;1
Ароматизатор Топленое молоко 3309;кг;0;Ароматизаторы;0;;;;1
Ароматизатор Фруктовое ассорти 3703;кг;0;Ароматизаторы;0;;;;1
Ароматизатор Шоколад 1202;кг;0;Ароматизаторы;0;;;;1
Ванилин (Ваниллар) 1410055;кг;0;Ванилин;0;;;;1
Ванилин Vanilave;кг;0;Ванилин;0;;;;1
Ванилин VL-607 ГОСТ фольга 0,5;кг;0;Ванилин;0;;;;1
Ванилин VN-007;кг;0;Ванилин;0;;;;1
Ванилин VN-107 0,5;кг;0;Ванилин;0;;;;1
Ванилин VN-307;кг;0;Ванилин;0;;;;1
Глазурь шоколад. "Медовик" логотип;шт;0;Глазурь;0;;;;1
Глазурь шоколадная "Треугольник белый";шт;0;Глазурь;0;;;;1
Глазурь шоколадная "Треугольник темный";шт;0;Глазурь;0;;;;1
Напиток шок. "Голден Чок" 1л;л;0;Глазурь;0;;;;1
Пралине фисташковое;кг;0;Глазурь;0;;;;1
Пралине хрустящее Крокант "Лимонное безе" (ведро);кг;0;Глазурь;0;;;;1
Шоколад  Ariba Bianko Рani белый;кг;0;Глазурь;0;;;;1
Шоколад Ariba Fondante Pani 57(36/38) по1кг;кг;0;Глазурь;0;;;;1
Шоколад темный "Ariba Fondente Pani 36/38" (красный);кг;0;Глазурь;0;;;;1
Шоколад Ariba Fondente Pani72 (38/40) по1 кг;кг;0;Глазурь;0;;;;1
Шоколад молочный "Ariba Latte Pani 34/36" (синий);кг;0;Глазурь;0;;;;1
Шоколад  "Белый Сargill белый 29% какао;кг;0;Глазурь;0;;;;1
Шоколад Сargill молочный 34% какао;кг;0;Глазурь;0;;;;1
Шоколад Сargill Темный 54% какао;кг;0;Глазурь;0;;;;1
Ганаш черный шоколад НАЧИНКА;кг;0;Шоколад;0;;;;1
Глазурь  "Caravella Cover Cocoa"темная;кг;0;Шоколад;0;;;;1
Глазурь белая "Caravella Cover White";кг;0;Шоколад;0;;;;1
Глазурь Кавер молоч.(паста) 5 кг;кг;0;Шоколад;0;;;;1
Глазурь конд. белая ГК-2Б Блиссо;кг;0;Шоколад;0;;;;1
Глазурь кондитерская Блиссо дропсы  01-13;кг;0;Шоколад;0;;;;1
Глазурь кондитерская Блиссо дропсы  02-14;кг;0;Шоколад;0;;;;1
Глазурь кондитерская Блиссо дропсы  03-14;кг;0;Шоколад;0;;;;1
Глазурь конд.темная 04-14  Блиссо;кг;0;Шоколад;0;;;;1
Глазурь Мируар ваниль мягкая;кг;0;Шоколад;0;;;;1
Глазурь палитра (желтый) лимон;кг;0;Шоколад;0;;;;1
Глазурь палитра (зеленый) яблоко 4ZБС;кг;0;Шоколад;0;;;;1
Глазурь палитра (красный) клубника 4КБС;кг;0;Шоколад;0;;;;1
Глазурь палитра (синяя) голубика;кг;0;Шоколад;0;;;;1
Глазурь помадка белая White N Glossy;кг;0;Шоколад;0;;;;1
Глазурь помадная белая Fondant 7 кг 230000065;кг;0;Шоколад;0;;;;1
Глазурь-Помадка Фондант коробка;кг;0;Шоколад;0;;;;1
Глазурь проф Апельсиновая Аэлита;кг;0;Шоколад;0;;;;1
Глазурь проф. Белая  1бс  (Аэлита);кг;0;Шоколад;0;;;;1
Глазурь помадно-шоколадная Реди Айс;кг;0;Шоколад;0;;;;1
Глазурь Соломка "апельсин";кг;0;Шоколад;0;;;;1
Глазурь Соломка"белая";кг;0;Шоколад;0;;;;1
Глазурь Соломка "вишня";кг;0;Шоколад;0;;;;1
Глазурь Соломка "клубника";кг;0;Шоколад;0;;;;1
Глазурь Соломка"лимон";кг;0;Шоколад;0;;;;1
Глазурь Соломка"орех";кг;0;Шоколад;0;;;;1
Глазурь Соломка"темная";кг;0;Шоколад;0;;;;1
Глазурь Соломка"яблоко";кг;0;Шоколад;0;;;;1
Глазурь шоколадная "Квадрат Белый" 1кг;кг;0;Шоколад;0;;;;1
Глазурь шоколадная "Кофейные зерна";кг;0;Шоколад;0;;;;1
Глазурь шоколадная "Наполеон" логотип;шт;0;Шоколад;0;;;;1
Глазурь шоколадная "Орех фундук";кг;0;Шоколад;0;;;;1
Глазурь шоколад  "Палочки мраморные 1,5кг;кг;0;Шоколад;0;;;;1
Глазурь шоколадная "Сердечко красное" , 6*1,5кг;кг;0;Шоколад;0;;;;1
Глазурь шоколадная "Треугольник мраморный";кг;0;Шоколад;0;;;;1
Глазурь шоколадная "Хлопья Малахит" 10 кг;кг;0;Шоколад;0;;;;1
Глазурь шоколадная "Хлопья Мраморные" 10 кг;кг;0;Шоколад;0;;;;1
Глазурь шоколадная "Хлопья Янтарь" 10 кг;кг;0;Шоколад;0;;;;1
Глазурь шоколадная "Хлопья Яшма" 1/10;кг;0;Шоколад;0;;;;1
Глазурь шоколадная "Чизкейк" логотип;шт;0;Шоколад;0;;;;1
Дрожжи "Воронежские" 0,5 кг;кг;0;Дрожжи;0;;;;1
Дрожжи "Глорипан";кг;0;Дрожжи;0;;;;1
Дрожжи "ДСЛ" Воронеж;кг;0;Дрожжи;0;;;;1
Дрожжи "Пакмая" 500г;кг;0;Дрожжи;0;;;;1
Дрожжи "Фермипан коричневые";кг;0;Дрожжи;0;;;;1
Дрожжи "Фермипан красные";кг;0;Дрожжи;0;;;;1
Дрожжи "Фермипан Софт" (2 в 1);кг;0;Дрожжи;0;;;;1
Дрожжи "Фермипан Супер" 2 в 1;кг;0;Дрожжи;0;;;;1
Загуститель Медея;кг;0;Загуститель;0;;;;1
Загуститель Микеланджело;кг;0;Загуститель;0;;;;1
Загуститель Софт Биндерс;кг;0;Загуститель;0;;;;1
Крахмал картофельный в/с. Россия;кг;0;Загуститель;0;;;;1
Крахмал картофельный в/сДания;кг;0;Загуститель;0;;;;1
Крахмал кукурузный;кг;0;Загуститель;0;;;;1
Пектин цитрусовый;кг;0;Загуститель;0;;;;1
Кокосовая стружка "Медиум";кг;0;Кокосовая стружка;0;;;;1
Кокосовая стружка  "Файн";кг;0;Кокосовая стружка;0;;;;1
Вишни красн. "Мараскино" с палочкой 1,9кг;бан;0;Консервированные фрукты;0;;;;1
Вишня  коктейльн с вет красная ст.б 0,76л;бан;0;Консервированные фрукты;0;;;;1
Вишня засахарен красные ведро;кг;0;Консервированные фрукты;0;;;;1
Вишня засахаренная красная короб 5 кг;кг;0;Консервированные фрукты;0;;;;1
Молд силиконовый АССОРТИ ЦВЕТОВ (11шт)11*9*1 34727;шт;0;Консервированные фрукты;0;;;;1
Краситель  Luxomix  Аннато  желт/оранж 0021 натуральный;кг;0;Краситель;0;;;;1
Краситель Luxomix Антоцианин водораст0050красно-фиолетов натуральный;шт;0;Краситель;0;;;;1
Краситель Luxomix Бета-каротин водораст0004золот/желтый натуральный;шт;0;Краситель;0;;;;1
Краситель Luxomix Бета-каротин жирораст0002 золот/желтый натуральный;шт;0;Краситель;0;;;;1
Краситель  Luxomix Кармин жирораств 0033 красная ягода натуральный;шт;0;Краситель;0;;;;1
Краситель Lexomir уголь;кг;0;Краситель;0;;;;1
Краситель  Luxomix Хлорофилл вод/жир рств0041зелен натуральный;шт;0;Краситель;0;;;;1
Краситель Luxomiх  Куркумин вод/жир раств 0040 ярко/желтый натуральный;шт;0;Краситель;0;;;;1
Краситель гелевый CHOCOLATE BROWN 21гр 0245;шт;0;Краситель;0;;;;1
Краситель гелевый DEEP PINK 21гр 0209;шт;0;Краситель;0;;;;1
Краситель гелевый ELECTRIK ORANGE  21гр 0246;шт;0;Краситель;0;;;;1
Краситель гелевый GOLD 21гр 0203;шт;0;Краситель;0;;;;1
Краситель гелевый  MAUVE 21гр 0368;шт;0;Краситель;0;;;;1
Краситель гелевый SKY BLUE 21гр 0250;шт;0;Краситель;0;;;;1
Краситель гелевый SOFT PINK 21гр 0213;шт;0;Краситель;0;;;;1
Краситель пищ.гелевый Бирюзовый 100г;шт;0;Краситель;0;;;;1
Краситель пищевой гелевый Голубой 100г;шт;0;Краситель;0;;;;1
Краситель пищ.гелевый Золотой  100г;шт;0;Краситель;0;;;;1
Краситель пищ. гелевый Оранжевый 100г;шт;0;Краситель;0;;;;1
Краситель пищ.гелевый РОЗОВЫЙ (Малиновый) 100г;шт;0;Краситель;0;;;;1
Краситель пищ.гелевый Серебряный 100г;шт;0;Краситель;0;;;;1
Краситель пищевой "Желтый" 0,25;шт;0;Краситель;0;;;;1
Краситель пищевой "Зеленый" 250мл (Е 131,Е132);шт;0;Краситель;0;;;;1
Краситель пищевой "Лимонный" 0,25кг.;шт;0;Краситель;0;;;;1
Краситель гелевый  MAUVE 21гр 0368;шт;0;Краситель;0;;;;1
Краситель пищевой "Оранжевый" 250мл (Е110, Е124);шт;0;Краситель;0;;;;1
Краситель пищевой "Пурпурно-красный" (роз.) 0,25кг.;шт;0;Краситель;0;;;;1
Краситель Б Кандурин Золотой  блеск 5г;шт;0;Краситель;0;;;;1
Красители Кандурин разноцв. 5г;шт;0;Краситель;0;;;;1
Краситель Серебряный блеск 5г;шт;0;Краситель;0;;;;1
Краситель Б Коричневый янтарь 5г;шт;0;Краситель;0;;;;1
Краситель Б Оранжевый янтарь 5г;шт;0;Краситель;0;;;;1
Краситель пищевой Зеленое яблоко;кг;0;Краситель;0;;;;1
Краситель Индиго кармин (гол);кг;0;Краситель;0;;;;1
Краситель Кармуазин;кг;0;Краситель;0;;;;1
Краситель Понсо 4R  (клубнич) 0,5кг;кг;0;Краситель;0;;;;1
Краситель Сансет желтый (Солнечный закат) 1кг;кг;0;Краситель;0;;;;1
Краситель Солнечный закат;кг;0;Краситель;0;;;;1
Краситель Тартразин 1кг;кг;0;Краситель;0;;;;1
Йогурт ФРЭШ эконом смесь для конд крема;кг;0;кремы;0;;;;1
Крем  заварной Ваниль;кг;0;кремы;0;;;;1
Крем заварной ванильный "МагияКрем";кг;0;кремы;0;;;;1
Крем заварной Дельфия Кальткрем;кг;0;кремы;0;;;;1
Крем заварной Кремина;кг;0;кремы;0;;;;1
Крем заварной Садко творог ФСД;кг;0;кремы;0;;;;1
Кремиголд;кг;0;кремы;0;;;;1
Смесь для десерта "Маскарпоне";л;0;кремы;0;;;;1
Крем "Caravella Ante-forno Hazelnut";кг;0;кремы;0;;;;1
Крем "Какао анте-форно";кг;0;кремы;0;;;;1
Крем Шок ореховый №61м Аэлита;кг;0;кремы;0;;;;1
Крем Шок Ромовый №67;кг;0;кремы;0;;;;1
Начинка Дольчемикс АбрикосТ;кг;0;кремы;0;;;;1
Начинка Дольчемикс БананТ;кг;0;кремы;0;;;;1
Начинка Дольчемикс Ваниль Т 6N10104;кг;0;кремы;0;;;;1
Начинка Дольчемикс Вишня Т  6N10107;кг;0;кремы;0;;;;1
Начинка Дольчемикс Йогурт Т  6N10110;кг;0;кремы;0;;;;1
Начинка Дольчемикс Карамель Т;кг;0;кремы;0;;;;1
Начинка Дольчемикс Клубника  Т  6N10113;кг;0;кремы;0;;;;1
Начинка Дольчемикс ЛимонТ 6N10119;кг;0;кремы;0;;;;1
Начинка Дольчемикс со вкус сливокТ;кг;0;кремы;0;;;;1
Начинка Дольчемикс со  вкус яичного ликера 6N10132;кг;0;кремы;0;;;;1
Начинка Дольчемикс со вкусом ореха;кг;0;кремы;0;;;;1
Начинка  Дольчемикс Творог Т  (крупинки)Л063;кг;0;кремы;0;;;;1
Начинка Дольчемикс Творог Т   6N101128;кг;0;кремы;0;;;;1
мед цветочно-акациевый;кг;0;Мед;261;;;;1
Начинка Дольчемикс Шоколад Т  6N10129;кг;0;кремы;0;;;;1
Начинка желейная Клубника Т;кг;0;кремы;0;;;;1
Начинка кремовая Банан;кг;0;кремы;0;;;;1
Начинка кремовая Ванильная;кг;0;кремы;0;;;;1
Начинка кремовая Нуга ореховая;кг;0;кремы;0;;;;1
Начинка кремовая Сливочная;кг;0;кремы;0;;;;1
Начинка кремовая Сырная со вкусом Эмменталер;кг;0;кремы;0;;;;1
Начинка кремовая Творожная особая зернистая;кг;0;кремы;0;;;;1
Начинка кремовая Творожная особая универсальная;кг;0;кремы;0;;;;1
Начинка "Мультифил Карамель"для конд.изд.(СиЭсЭм);кг;0;кремы;0;;;;1
Начинка форт со вкус апельсина кремовая;кг;0;кремы;0;;;;1
Начинка форт со вкус яблока с корицей;кг;0;кремы;0;;;;1
Начинка форт со вкусом вишни Т;кг;0;кремы;0;;;;1
Начинка форт со вкусом малины Т;кг;0;кремы;0;;;;1
Начинка фруктовая Т "Фруффи"(СиЭсЭм) 3,3кг.;кг;0;кремы;0;;;;1
Начинка Дольчемикс Вишня Т  6N10107;кг;0;кремы;0;;;;1
Начинка Яблочная сухая Пеппи ФСД;кг;0;кремы;0;;;;1
Жир фритюрный (масло)5 л;л;0;Жир;0;;;;1
Жир фритюрный масло 10 л;л;0;Жир;0;;;;1
Маргарин "Домашний" 60% ЭФКО;кг;0;Маргарин;0;;;;1
Маргарин "Домашний" МТ 60% (Дмитров);кг;0;Маргарин;0;;;;1
Маргарин  "Молочный"  (универсальный) МТ 82% (Дмитров);кг;0;Маргарин;0;;;;1
Маргарин "Столовый" ЭФКО  МТЭкоуниверсал 82%1003-32;кг;0;Маргарин;0;;;;1
Маргарин для выпечки Маргарон CRUSTO Profi 30;кг;0;Маргарин;0;;;;1
Маргарин для кремов ЭФКО ТМ Экокрем 82% 1103-32;кг;0;Маргарин;0;;;;1
Маргарин для песочного теста ЭФКО ТМ Экопай 82%1404-32;кг;0;Маргарин;0;;;;1
Маргарин "Маргарон" для слоенного теста  82% STRATO Classic/Vita 41 (МаргRк).;кг;0;Маргарин;0;;;;1
Маргарин для слоенного теста ЭФКО МТС Экослайс 82% 1703-41;кг;0;Маргарин;0;;;;1
Маргарин "Платте круассан" для слойки;кг;0;Маргарин;0;;;;1
Маргарин Универсальный 82% Маргарон UNI;кг;0;Маргарин;0;;;;1
Масло для кремов 82 % Маргарон 20 кг.FASTO profi 34;кг;0;Масло;0;;;;1
Майонез Hjlberg Провансаль 67% ВК 10 ГР ведро 10 л(9,4кг);Ведро;0;Майонез;0;;;;1
Майонез Васаби мягкийй вкус 200мл дой-пак дозат;шт;0;Майонез;0;;;;1
Майонез Золот зернышко соус 15% Ол 900мл ведро;шт;0;Майонез;0;;;;1
Майонез Золот зернышко соус15% Ол 220мл дой-пак доз;шт;0;Майонез;0;;;;1
Майонез Золотое зернышко Провансаль ведро 900 мл 67%;шт;0;Майонез;0;;;;1
Масло горчичное;кг;0;масло;0;;;;1
Молд силиконовый баба яга и акссесуары 8 шт м0135;шт;0;Майонез;0;;;;1
Марципан 1:2 22%;кг;0;Мастика марципаны;0;;;;1
Мастика бел 014485 ведро 7 кг Германия 01537;кг;0;Мастика марципаны;0;;;;1
Мастика бел 01490 ведро 12,5 кг Дания;кг;0;Мастика марципаны;0;;;;1
Мастика паста для моделирования ПРИНЦЕССА;кг;0;Мастика марципаны;0;;;;1
Мастика сахарная ванильная;кг;0;Мастика марципаны;0;;;;1
Мастика сахарная ванильная голубая 600г;шт;0;Мастика марципаны;0;;;;1
Мастика сахарная ванильная желтая 600г;шт;0;Мастика марципаны;0;;;;1
Мастика сахарная ванильная зеленая 600г;шт;0;Мастика марципаны;0;;;;1
Изюм Афганский;кг;0;сухофрукты;0;;короб. 12,5 кг;;1
Мастика сахарная ванильная коричневая  600г;шт;0;Мастика марципаны;0;;;;1
Мастика сахарная ванильная красная 600г;шт;0;Мастика марципаны;0;;;;1
Мастика сахарная ванильная оранжевая 600г;шт;0;Мастика марципаны;0;;;;1
Мастика сахарная ванильная розовая 600г;шт;0;Мастика марципаны;0;;;;1
Мастика сахарная ванильная синяя 600г;шт;0;Мастика марципаны;0;;;;1
Мастика сахарная ванильная фиолетовая 600гр;шт;0;Мастика марципаны;0;;;;1
Мастика сахарная ванильная черная 600г;шт;0;Мастика марципаны;0;;;;1
Молд д/мастики "Малыш и медвежонок" силикон м2;шт;0;Мастика марципаны;0;;;;1
Молд-узор для мастики "Орнамент" лм21;шт;0;Мастика марципаны;0;;;;1
Молд-форма пластик.Игральные карты 4шт 13478;шт;0;Мастика марципаны;0;;;;1
Молд-форма Узор 4вида 90*90*11мм см039;шт;0;Мастика марципаны;0;;;;1
смесь для айсинга 500 гр россия 20250;шт;0;Мастика марципаны;0;;;;1
Трафарет для айсинга 315*75мм 31672;шт;0;Мастика марципаны;0;;;;1
Молд д/мастики "Клоун" силикон 3,5х8см м5;шт;0;Мастика марципаны;0;;;;1
Молд д/мастики "Медвежья семья" силикон м4;шт;0;Мастика марципаны;0;;;;1
Молоко ВАРЕНОЕ сгущенка Особая;кг;0;Сгущенное молоко;0;;;;1
Молоко ВАРЕНОЕ сгущенка Особая белая;кг;0;Сгущенное молоко;0;;;;1
Молоко ВАРЕНОЕ сгущенка Премиум Т;кг;0;Сгущенное молоко;0;;;;1
Молоко сгущ. вареное Т короб ЭРКОН;кг;0;Сгущенное молоко;0;;;;1
Молоко сгущ. вареное (ведро) жир 11%;кг;0;Сгущенное молоко;0;;;;1
Молоко сгущ. вареное "Борская" (коробка-15кг);кг;0;Сгущенное молоко;0;;;;1
Молоко сгущ. варёное Борская Термост 12%;кг;0;Сгущенное молоко;0;;;;1
Молоко сгущ. ЛЮКС Варенка 08-10 (ГОЛУБАЯ);кг;0;Сгущенное молоко;0;;;;1
Молоко сгущ. Н. Кисляй 400г ГОСТ Сгущеные берега;шт;0;Сгущенное молоко;0;;;;1
Молоко сухое  (1,5%);кг;0;Молоко сухое;0;;;;1
Мука гречневая ГОСТ;кг;0;Мука;0;;;;1
Мука кукурузная;кг;0;Мука;0;;;;1
Мука овсяная д/детского питания 30кг.;кг;0;Мука;0;;;;1
Мука пшеничная в/с (Воронеж);кг;0;Мука;0;;;;1
Мука пшенная ТУ;кг;0;Мука;0;;;;1
Мука ржаная обдирная;кг;0;Мука;0;;;;1
Мука рисовая;кг;0;Мука;0;;;;1
Отруби овсяные;кг;0;Мука;0;;;;1
Джем Абрикос Термостабильный(14);кг;0;Начинки;0;;;;1
Начинка желейная Абрикос Т;кг;0;Начинки;0;;;;1
Начинка желейная Вишня Т;кг;0;Начинки;0;;;;1
Конфитюр Абрикосовый гомогенный Т 14кг.;кг;0;Начинки;0;;;;1
Конфитюр Вишневый гомогенный  14кг.;кг;0;Начинки;0;;;;1
Конфитюр Персиковый гомогенный Т 14кг.;кг;0;Начинки;0;;;;1
Конфитюр Черная смородина ГОМОГЕННЫЙ Т 14 кг;кг;0;Начинки;0;;;;1
Конфитюр Абрикосовый  измельченный с кусоч плод -ягодн 12,5 кг;кг;0;Начинки;0;;;;1
Конфитюр Абрикосовый  с крупн  кусоч плод -ягодн 12,5 кг;кг;0;Начинки;0;;;;1
Конфитюр Ананасовый плодово-ягодный с кус.яг;кг;0;Начинки;0;;;;1
Конфитюр "Апельсин с кусоч плодово-ягодн;кг;0;Начинки;0;;;;1
Конфитюр  Апельсиновый с цедрой;кг;0;Начинки;0;;;;1
Конфитюр  Вишня скусоч плод-ягодн;кг;0;Начинки;0;;;;1
Конфитюр плод-ягодн Грушовый с кусоч;кг;0;Начинки;0;;;;1
Конфитюр плод-ягодн Ежевичный;кг;0;Начинки;0;;;;1
Конфитюр КИВИ Т  плодово-ягодный с кус.яг;кг;0;Начинки;0;;;;1
Конфитюр плод-ягодн Клубничный;кг;0;Начинки;0;;;;1
Конфитюр Клюквенный плод-ягодн с кус12,5 кг;кг;0;Начинки;0;;;;1
Конфитюр  Лимонный с цедрой;кг;0;Начинки;0;;;;1
Конфитюр Малиновый с кус.яг плод-ягод12,5;кг;0;Начинки;0;;;;1
Конфитюр плод-ягодн Персик Т;кг;0;Начинки;0;;;;1
Конфитюр плод-ягодн Черничный;кг;0;Начинки;0;;;;1
Конфитюр Яблоко;кг;0;Начинки;0;;;;1
Начинка Яблочная готовая кубики JABEX;кг;0;Начинки;0;;;;1
Повидло абрикосовое (бочка);кг;0;Начинки;0;;;;1
Повидло вишневое (бочка) 30кг;кг;0;Начинки;0;;;;1
Повидло клубничное (бочка) 30 кг;кг;0;Начинки;0;;;;1
Повидло персиковое (бочка) 30кг;кг;0;Начинки;0;;;;1
Повидло яблочное (бочка) Россошь 35 кг;кг;0;Начинки;0;;;;1
Повидло яблочное (бочка) Садовое 35 кг;кг;0;Начинки;0;;;;1
Повидло яблочное ГОСТ бочка (Обоянь) 30кг;кг;0;Начинки;0;;;;1
Начинка "Anabell" со вкусом шоколада;кг;0;Начинки;0;;;;1
Начинка Миндальная для конд. изделий Ла Гласса;кг;0;Начинки;0;;;;1
Маковая начинка "Звёздная";кг;0;Начинки;0;;;;1
Маковая начинка "Монмак";кг;0;Начинки;0;;;;1
Маковая начинка 50% ( Пфанл) 10кг;кг;0;Начинки;0;;;;1
Маковая начинка традиционная;кг;0;Начинки;0;;;;1
Начинка Орех лесной 24%  10 кг(сухая);кг;0;Начинки;0;;;;1
Начинка Твороженная Кваркфюлинг;кг;0;Начинки;0;;;;1
Смесь Сырная (Пфанл);кг;0;Начинки;0;;;;1
"Топфенфикс"творожная начинка;кг;0;Начинки;0;;;;1
Арахис 40/50 неочищ.;кг;0;Орехи;0;;;;1
Арахис Аргентина очищ.;кг;0;Орехи;0;;;;1
Арахис дробл. жаренный 2/4мм;кг;0;Орехи;0;;;;1
Арахис жареный дробл. 3-5мм 12;кг;0;Орехи;0;;;;1
Арахис обжаренный (лепестки)   8 кг коробка;кг;0;Орехи;0;;;;1
Арахис обжаренный (лепестки) 4,5 кг  ведро;кг;0;Орехи;0;;;;1
Арахис Сплит очищенный;кг;0;Орехи;0;;;;1
Грецкий орех;кг;0;Орехи;0;;;;1
Грецкий орех Экстра;кг;0;Орехи;0;;;;1
Кедровый орех в белой глазури;кг;0;Орехи;0;;;;1
Кешью обжаренный;кг;0;Орехи;0;;;;1
Кешью суш.;кг;0;Орехи;0;;;;1
Миндаль сушеный.30/32;кг;0;Орехи;0;;;;1
Миндаль/пластинки неочищен.;кг;0;Орехи;0;;;;1
Миндаль/пластинки очищен;кг;0;Орехи;0;;;;1
Миндальная мука;кг;0;Орехи;0;;;;1
Фисташка жарен. соленая 28/30;кг;0;Орехи;0;;;;1
Фундук сушен.;кг;0;Орехи;0;;;;1
Кунжут семена отбеленные;кг;0;Семена;0;;;;1
Семена подсолнеч очищенные ВП;кг;0;Семена;0;;;;1
Семена подсолнечника сушеные очищ;кг;0;Семена;0;;;;1
Семечки тыквен. суш очищен;кг;0;Семена;0;;;;1
Семя льна;кг;0;Семена;0;;;;1
Семя льна;кг;0;Семена;0;;;;1
'Миндаль обжаренный 
целый';кг;0;Орех;0;;;;1
Патока 35 кг;кг;0;Сахар;0;;;;1
Сахар;кг;0;Сахар;0;;;;1
Сахарная пудра ароматизиров термостойкая деко-про;кг;0;Сахар;0;;;;1
Сахарная пудра нетающая бархатная  "Бархатная" ФСД;кг;0;Сахар;0;;;;1
Сахарная пудра коробка 20кг;кг;0;Сахар;0;;;;1
Сахарная пудра РОССИЯ;кг;0;Сахар;0;;;;1
Свити сахарная пудра нетающая;кг;0;Сахар;0;;;;1
Сахарная пудра Сладкий снег;кг;0;Сахар;0;;;;1
Сахарозам. Аспасвит;кг;0;Сахар;0;;;;1
Сода весовая;кг;0;сода;0;;;;1
Яичный порошок;кг;0;;0;;;;1
Сливки "Прима Наткрем" с доб. животн.сливок;кг;0;сливки;0;;;;1
Сливки ванильно-сливочные (коробка) 10кг;л;0;сливки;0;;;;1
Сливки "Декор Ап";л;0;сливки;0;;;;1
Сливки "Декор Ап" белые;л;0;сливки;0;;;;1
Сливки Дукатто 20 л. оранж 302/301;л;0;сливки;0;;;;1
Сливки Дукатто 20 л. 102 желтые/зел;л;0;сливки;0;;;;1
Сливки Дэлли Крем Софи;л;0;сливки;0;;;;1
Сливки Завиток Т М;л;0;сливки;0;;;;1
Сливки СКИТ 1 кг Эклектика;л;0;сливки;0;;;;1
Маковая начинка "Монмак";кг;0;Начинки;0;;;;1
Смесь для бисквита свекольного с медовым вкус 4В31101;кг;0;сливки;0;;;;1
Смесь для маффина вкус шоколада "Милк Кейк концентрат";кг;0;сливки;0;;;;1
Смесь для маффина и бискв "Пунш Кейк";кг;0;сливки;0;;;;1
Смесь для песоч теста ND PRIME Bachnmix;кг;0;сливки;0;;;;1
Вишня суш.б/к;кг;0;Сухофрукты;0;;;;1
Изюм б/к Афганистан в/с;кг;0;Сухофрукты;0;;;;1
Изюм Жумбо золотой;кг;0;Сухофрукты;0;;;;1
Изюм Жумбо чёрный;кг;0;Сухофрукты;0;;;;1
Изюм Малояр 10кг;кг;0;Сухофрукты;0;;;;1
Изюм Малояр Aqiq Raisins Иран;кг;0;Сухофрукты;0;;;;1
Изюм Малояр HATAMI 8000 Иран;кг;0;Сухофрукты;0;;;;1
Изюм Султана Голд Иран;кг;0;Сухофрукты;0;;;;1
Имбирь подсушенный;кг;0;Сухофрукты;0;;;;1
Инжир сушен.;кг;0;Сухофрукты;0;;;;1
Клюква сушеная;кг;0;Сухофрукты;0;;;;1
Курага в/с  №6 Таджикистан;кг;0;Сухофрукты;0;;;;1
Курага Экстра;кг;0;Сухофрукты;0;;;;1
Сухофрукты для компота (10);кг;0;Сухофрукты;0;;;;1
Финики В/С Заррин;кг;0;Сухофрукты;0;;;;1
Цукаты (АНАНАС ) куб. 8-10мм микс;кг;0;Сухофрукты;0;;;;1
Цукаты (ананас) куб 10 мм Микс;кг;0;Сухофрукты;0;;;;1
Цукаты (АНАНАС) кубики 3-5мм микс  5 кг.;кг;0;Сухофрукты;0;;;;1
Цукаты (АНАНАС) цилиндры Микс;кг;0;Сухофрукты;0;;;;1
Цукаты (АНАНАС) язычки микс;кг;0;Сухофрукты;0;;;;1
Цукаты микс;кг;0;Сухофрукты;0;;;;1
Цукаты (папаи) палочки;кг;0;Сухофрукты;0;;;;1
ЧЕРНОСЛИВ  Б/К Узбекистан в/с;кг;0;Сухофрукты;0;;;;1
Чернослив б/к Чили;кг;0;Сухофрукты;0;;;;1
Шиповник суш.;кг;0;Сухофрукты;0;;;;1
Топпинг 1 кг Апельсин (12шт.);шт;0;топпинги;0;;;;1
Топпинг 1кг Ваниль;бут;0;топпинги;0;;;;1
Топпинг Вишня 1кг;шт;0;топпинги;0;;;;1
Топпинг 1кг Голубое Небо ( Банан+Клубника) вселенная;кг;0;топпинги;0;;;;1
Топпинг Карамель 1кг;шт;0;топпинги;0;;;;1
Топпинг Киви 1кг;шт;0;топпинги;0;;;;1
Топпинг Клубника 1кг;шт;0;топпинги;0;;;;1
Топпинг 1кг Малина;шт;0;топпинги;0;;;;1
Топпинг 1кг  Персик;кг;0;топпинги;0;;;;1
Топпинг Шоколад 1кг;шт;0;топпинги;0;;;;1
Кунжут очищенный;кг;0;бобы;0;;мешок 25 кг;;1
Мак пищевой;кг;0;бобы;0;;мешок 25 кг;;1
Маш (Мош);кг;0;бобы;0;;мешок 5 кг;;1
Нут (Горох);кг;0;бобы;0;;мешок 5 кг;;1
Поп корн (кукуруза);кг;0;бобы;0;;мешок 5 кг;;1
Рис «Девзира» красный;кг;0;бобы;0;;мешок 5 кг;;1
Рис «Девзира» белый;кг;0;бобы;0;;мешок 5 кг;;1
Фасоль белая;кг;0;бобы;0;;мешок 5 кг;;1
Фасоль красная;кг;0;бобы;0;;мешок 5 кг;;1
Чечевица;кг;0;бобы;0;;мешок 5 кг;;1
Изюм «Малояр»;кг;0;сухофрукты;0;;короб. 10 кг;;1
Изюм «Шигани»;кг;0;сухофрукты;0;;короб. 10 кг;;1
Изюм Афганский;кг;0;сухофрукты;0;;короб. 12,5 кг;;1
Изюм голден «Узбекистан»;кг;0;сухофрукты;0;;короб. 10 кг;;1
Изюм голден «Иран»;кг;0;сухофрукты;0;;короб. 10 кг;;1
Изюм Джамбо Голден;кг;0;сухофрукты;0;;короб.10 кг;;1
Изюм Джамбо Флейм;кг;0;сухофрукты;0;;короб. 10 кг;;1
Изюм сояги «Терма»;кг;0;сухофрукты;0;;короб. 12,5 кг;;1
Изюм сояги «МО»;кг;0;сухофрукты;0;;короб. 11 кг;;1
Курага Индустр. "Столовая";кг;0;сухофрукты;0;;коробка 10 кг;;1
Курага №7-8;кг;0;сухофрукты;0;;коробка 10 кг;;1
Курага №6;кг;0;сухофрукты;0;;коробка 10 кг;;1
Курага №3;кг;0;сухофрукты;0;;коробка 10 кг;;1
Курага №2;кг;0;сухофрукты;0;;коробка 10 кг;;1
Курага Джамбо;кг;0;сухофрукты;0;;коробка 5 кг;;1
Курага Джамбо "Элитна";кг;0;сухофрукты;0;;коробка 5 кг;;1
Курага "Шоколадная";кг;0;сухофрукты;0;;коробка 10 кг;;1
Урюк №2;кг;0;сухофрукты;0;;коробка 5 кг;;1
Урюк "Шоколадный";кг;0;сухофрукты;0;;коробка 5 кг;;1
Курага Индустриальная;кг;0;сухофрукты;0;;коробка 12,5 кг;;1
Курага №8;кг;0;сухофрукты;0;;коробка 4,75 кг;;1
Курага №3;кг;0;сухофрукты;0;;коробка 4,75 кг;;1
Курага №1;кг;0;сухофрукты;0;;коробка 4,75 кг;;1
Смесь «Ореховая»;кг;0;Орехи;0;;упак. 1 кг;;1
Смесь «Радуга»;кг;0;Орехи;0;;упак. 1 кг;;1
Смесь «Спортивная» 0,5 кг;кг;0;Орехи;0;;упак. 0,5 кг;;1
Смесь «Спортивная» 1 кг;кг;0;Орехи;0;;упак. 1 кг;;1
Смесь «Фруктово-ягодная»;кг;0;Орехи;0;;упак. 1 кг;;1
Абрикосовые косточки;кг;0;Орехи;0;;мешок 5 кг;;1
Арахис Аргентина;кг;0;Орехи;0;;мешок 5 кг;;1
Арахис бланшированный;кг;0;Орехи;0;;мешок 5 кг;;1
Арахис в кокосовом соке;кг;0;Орехи;0;;короб. 5 кг;;1
Арахис обжаренный;кг;0;Орехи;0;;мешок 5 кг;;1
Арахис Китайский 28/32;кг;0;Орехи;0;;мешок 5 кг;;1
Арахис в скорлупе;кг;0;Орехи;0;;мешок 7 кг;;1
Арахис бланшированный соленый;кг;0;Орехи;0;;мешок 5 кг;;1
Арахис узбекский;кг;0;Орехи;0;;мешок 5 кг;;1
Бразильский орех;кг;0;Орехи;0;;мешок 5 кг;;1
Грецкий орех «Бабочка»;кг;0;Орехи;0;;кор. 10 кг;;1
Грецкий орех «Бабочка» экстра;кг;0;Орехи;0;;кор. 10 кг;;1
Грецкий орех в скорлупе мытый;кг;0;Орехи;0;;мешок 5 кг;;1
Грецкий орех очищенный;кг;0;Орехи;0;;кор. 10 кг;;1
Кедровый орех в скорлупе;кг;0;Орехи;0;;мешок 5 кг;;1
Кедровый орех очищенный;кг;0;Орехи;0;;мешок 5 кг;;1
Кедровый орех «Натси» (очищ.);кг;0;Орехи;0;;мешок 2-12,5 кг;;1
Кешью № 320;кг;0;Орехи;0;;мешок 5 кг;;1
Кешью № 450;кг;0;Орехи;0;;мешок 5 кг;;1
Кешью жареный;кг;0;Орехи;0;;мешок 5 кг;;1
Миндаль 23/25 Nonparel Extra;кг;0;Орехи;0;;мешок 5 кг;;1
Миндаль 27/30 Nonparel;кг;0;Орехи;0;;мешок 5 кг;;1
Миндаль жареный;кг;0;Орехи;0;;мешок 5 кг;;1
Семечки подсолнуха (неочищ.);кг;0;Орехи;0;;мешок 30 кг;;1
Семечки н/о пузанок;кг;0;Орехи;0;;мешок 30 кг;;1
Семечки подсолнуха очищенные;кг;0;Орехи;0;;мешок 5 кг;;1
Тыквенные семечки очищенные;кг;0;Орехи;0;;мешок 5 кг;;1
Тыквенные семечки в скорлупе;кг;0;Орехи;0;;мешок 5-10 кг;;1
Фисташки натуральные «Иран»;кг;0;Орехи;0;;мешок 5 кг;;1
Фисташки натуральные «США»;кг;0;Орехи;0;;короб. 11,34 кг;;1
Фундук очищенный обжареный;кг;0;Орехи;0;;мешок 5 кг;;1
Фундук в скорлупе;кг;0;Орехи;0;;мешок 5 кг;;1
Фундук очищенный Дагестан;кг;0;Орехи;0;;мешок 5 кг;;1
Фундук очищенный крупный 15++;кг;0;Орехи;0;;мешок 5 кг;;1
Айва сушеная;кг;0;сухофрукты;0;;мешок 5 кг;;1
Боярышник;кг;0;сухофрукты;0;;мешок 5 кг;;1
Вишня сушеная;кг;0;сухофрукты;0;;мешок 40 кг;;1
Груша сушеная;кг;0;сухофрукты;0;;мешок 5 кг;;1
Дыня сушеная;кг;0;сухофрукты;0;;штук. 1, 2;;1
Инжир Экстра;кг;0;сухофрукты;0;;кор. 6 кг;;1
Инжир Туркел;шт;0;сухофрукты;0;;короб. 5 кг;;1
Инжир Sunmar 2,5 кг;шт;0;сухофрукты;0;;короб. 2,5 кг;;1
Смесь Компотная 1 сорт;кг;0;сухофрукты;0;;мешок 30 кг;;1
Молоко паст. "Краснодарское" 2,5 % жирн. в цистернах.;л;0;Молоко;0;ТУ 9222-001-49464 828-04;;;1
Смесь Компотная в/с;кг;0;сухофрукты;0;;мешок 30 кг;;1
Смесь Компотная в/с Экстра;кг;0;сухофрукты;0;;мешок 30 кг;;1
Шиповник Экстра №1;кг;0;сухофрукты;0;;короб. 8 кг;;1
Шиповник в/с №2;кг;0;сухофрукты;0;;мешок 10 кг;;1
Шиповник в/с;кг;0;сухофрукты;0;;мешок 5 кг;;1
Яблоко сушеное;кг;0;сухофрукты;0;;мешок 5 кг;;1
Чернослив Сафруко 30/40;кг;0;сухофрукты;0;;коробка 10 кг;;1
Чернослив крупный 10/20;кг;0;сухофрукты;0;;коробка 10 кг;;1
Чернослив крупный 10/20;кг;0;сухофрукты;0;;коробка 10 кг;;1
Чернослив средний 30/40;кг;0;сухофрукты;0;;коробка 10 кг;;1
Чернослив мелкий 70/80;кг;0;сухофрукты;0;;коробка 10 кг;;1
Чернослив в банках;шт;0;сухофрукты;0;;коробка 12 шт;;1
Чернослив с косточкой;кг;0;сухофрукты;0;;коробка 10 кг;;1
Чернослив с косточкой 40/50;кг;0;сухофрукты;0;;коробка 10 кг;;1
Ананас кольцо;кг;0;сухофрукты;0;;упак. 5 кг;;1
Ананас Кубики Микс 8-10мм;кг;0;сухофрукты;0;;упак. 5 кг;;1
Ананас листики Манго;кг;0;сухофрукты;0;;упак. 5 кг;;1
Ананас листики микс;кг;0;сухофрукты;0;;упак. 5 кг;;1
Ананас листики желтые;кг;0;сухофрукты;0;;упак. 5 кг;;1
Ананас палочки желтые;кг;0;сухофрукты;0;;упак. 5 кг;;1
Ананас палочки микс;кг;0;сухофрукты;0;;упак. 5 кг;;1
Ананас таблетки микс;кг;0;сухофрукты;0;;упак. 5 кг;;1
Ананас таблетки желтые;кг;0;сухофрукты;0;;упак. 5 кг;;1
Ананс кубики желтые;кг;0;сухофрукты;0;;упак. 5 кг;;1
Папайя со вкусом канталупа;кг;0;сухофрукты;0;;упак. 5 кг;;1
Папайя палочки;кг;0;сухофрукты;0;;упак. 5 кг;;1
Папайя кубики 8-10 мм;кг;0;сухофрукты;0;;упак. 5 кг;;1
Банановые чипсы 6,8 кг;кг;0;сухофрукты;0;;короб. 6,8 кг;;1
Вишня вяленая 12,5 кг;шт;0;сухофрукты;0;;упак. 2,5 кг;;1
Грейпфрут полоски;кг;0;сухофрукты;0;;короб. 7 кг;;1
Груша вяленая;кг;0;сухофрукты;0;;упак. 2,5 кг;;1
Имбирь в сахаре;кг;0;сухофрукты;0;;упак. 2 кг;;1
Канталупа тайская дыня;кг;0;сухофрукты;0;;упак. 5 кг;;1
Киви вяленый;кг;0;сухофрукты;0;;упак. 1 кг;;1
Клубника сушеная;кг;0;сухофрукты;0;;упак. 5 кг;;1
Кокос кубики;кг;0;сухофрукты;0;;короб. 5 кг;;1
Кумкуат лайм зеленый;кг;0;сухофрукты;0;;упак. 5 кг;;1
Кумкуат лайм красный;кг;0;сухофрукты;0;;упак. 5 кг;;1
Кумкуат лимон желтый;кг;0;сухофрукты;0;;упак. 2,5 кг;;1
Манго язычки оранжевые;кг;0;сухофрукты;0;;упак. 5 кг;;1
Кумкуат мандарин в сиропе;кг;0;сухофрукты;0;;упак. 2,5-5 кг;;1
Кумкуат мандарин сушеный;кг;0;сухофрукты;0;;упак. 2,5 кг;;1
Персик вяленый;кг;0;сухофрукты;0;;упак. 2,5 кг;;1
Помело;кг;0;сухофрукты;0;;упак. 4 кг;;1
Райское яблоко;кг;0;сухофрукты;0;;короб. 10 кг;;1
Физалис;кг;0;сухофрукты;0;;упак. 2,5 кг;;1
Черешня в сиропе;кг;0;сухофрукты;0;;короб. 7 кг;;1
Томат черри сушеный;кг;0;сухофрукты;0;;упак. 5 кг;;1
Яблоко кольцо вяленое;кг;0;сухофрукты;0;;короб. 10 кг;;1
Финики Иран;шт;0;сухофрукты;0;;;;1
Мука миндальная ПРЕМИУМ ;кг;0;Премиксы для выпечки;12348.72;;(пакет 12.5 кг.);;1
Комп.пищ.добавка премикс САВОЯРДИ микс ;кг;0;Премиксы для выпечки;5688.00;;(мешок 10 кг.);;1
Комп.пищ.добавка премикс ОВОСИЛ ;кг;0;Премиксы для выпечки;1124.64;;(мешок 0.6 кг.);;1
Комп.пищ.добавка премикс БИСКВИЗИТ ;кг;0;Премиксы для выпечки;3888.00;;(мешок 15 кг.);;1
Смесь для мучных изделий КЕЙК ЗЛАКИ ;кг;0;Премиксы для выпечки;1821.60;;(мешок 5 кг.);;1
Комп.пищ.добавка премикс МУРБЕЛЛА ;кг;0;Премиксы для выпечки;3384.00;;(мешок 15 кг.);;1
Смесь для мучных изделий ФРОЛЛА ЗЛАКИ ;кг;0;Премиксы для выпечки;1389.60;;(мешок 5 кг.);;1
Смесь сахаристая ГРИЛЬЯЖ ;кг;0;Премиксы для выпечки;288;;(мешок 0.5 кг.);;1
Комп.пищ.добавка премикс ФЛОМИКС ;кг;0;Премиксы для выпечки;309.6;;(мешок 0.6 кг.);;1
Комп.пищ.добавка премикс ФЛОМИКС 10х0,6 кг. ;кг;0;Премиксы для выпечки;3096.00;;(короб 6 кг.);;1
Комп.пищ.доб.премикс МАФФИН ;кг;0;Премиксы для выпечки;2196.00;;(мешок 10 кг.);;1
Премикс БРАУНИ ШОК ;кг;0;Премиксы для выпечки;1836.00;;(мешок 5 кг.);;1
Комп.пищ.добавка премикс ВАФЛИ/ОЛАДЬИ ;кг;0;Премиксы для выпечки;396;;(пакет 1 кг.);;1
Комп.пищ.добавка премикс АВОЛЕТТА макарунс ;кг;0;Премиксы для выпечки;3960.00;;(мешок 5 кг.);;1
Крем на растит.маслах КОНДИТЕРСКИЙ 26% ;л;0;Сливки;1240.00;;(короб 12 л.);;1
Сливки Бризе 30% ;л;0;Сливки;3100.00;;(короб 12 л.);;1
Сливки Бризе 36% ;л;0;Сливки;3600.00;;(короб 12 л.);;1
Сливки 33% ;л;0;Сливки;3455.00;;(короб 12 л.);;1
Сливки 35% ;л;0;Сливки;3340.00;;(короб 12 л.);;1
Крем на растит.маслах для взбивания 26% ;л;0;Сливки;985;;(короб 12 л.);;1
Крем на растит.маслах для взбивания 26% ;л;0;Сливки;808.5;;(короб 10 л.);;1
Комп.пищ.добавка крем холод.приготов.ПЕРФЕКТА ;кг;0;Сливки;3024.00;;(мешок 10 кг.);;1
Комп.пищ.добавка крем горяч.приготовл.СОВРАНА ;кг;0;Сливки;2160.00;;(мешок 10 кг.);;1
Комплексная пищевая добавка премикс ТИРАМИСУ ;кг;0;Сливки;1008.00;;(пакет 1 кг.);;1
Комплексная пищевая добавка премикс БАВАРЕЗЕ ;кг;0;Сливки;936;;(пакет 1 кг.);;1
Комплексная пищ.доб.премикс ПАННА КОТТА ;кг;0;Сливки;972;;(пакет 1 кг.);;1
Крем десертный МУСС КАКАО ;кг;0;Сливки;720;;(пакет 1 кг.);;1
Комп.пищ.доб.крем десертный классич.ЧИЗКЕЙК ;кг;0;Сливки;588;;(пакет 1 кг.);;1
Комп.пищ.доб.крем дес.АМЕРИК.ЧИЗКЕЙК ;кг;0;Сливки;1260.00;;(пакет 1 кг.);;1
Премикс горячий шоколад ШОКОЛАДНАЯ ЧАШКА ;кг;0;Сливки;612;;(мешок 1 кг.);;1
Пюре фруктовое МАНГО ;кг;0;Фруктовое пюре;1368.00;;(банка 3.1 кг.);;1
Паста ПРАЛИНЕ ФИСТАШКА ;кг;0;Фруктовое пюре;1485.00;;(ведро 0.9 кг.);;1
Глазурь какаосодерж.кондит.ЗАХЕРКРЕМ ;кг;0;Фруктовое пюре;2275.20;;(ведро 6 кг.);;1
Глазурь пастообразн.конд.ШОКОСМАРТ ;кг;0;Фруктовое пюре;1764.00;;(ведро 5 кг.);;1
Глазурь пастообразная жир.ШОКОСМАРТ белая ;кг;0;Фруктовое пюре;2016.00;;(ведро 5 кг.);;1
Шоколадная начинка ВАНДЕРШОК белая ;кг;0;Фруктовое пюре;2736.00;;(ведро 5 кг.);;1
Начинка КОБЕРШОК БЬЯНКО ;кг;0;Фруктовое пюре;2736.00;;(ведро 6 кг.);;1
Глазурь пастообразная ГАБРИЭЛА БЕЛАЯ ;кг;0;Фруктовое пюре;4104.00;;(ведро 13 кг.);;1
Глазурь пастообразная шок.ГАБРИЭЛА ТЕМНАЯ ;кг;0;Фруктовое пюре;3456.00;;(ведро 13 кг.);;1
Паста шок.орех.ФАРЧИТОЗА ТОП ;кг;0;Фруктовое пюре;1980.00;;(ведро 6 кг.);;1
Паста шок.орех.ФАРЧИТОЗА ТОП ;кг;0;Фруктовое пюре;3852.00;;(ведро 12 кг.);;1
Паста шок.орех.ФАРЧИТОЗА ;кг;0;Фруктовое пюре;1598.40;;(ведро 6 кг.);;1
Паста шок.орех.НОЧЧОЛИТА СУПРЕМ ;кг;0;Фруктовое пюре;2160.00;;(ведро 6 кг.);;1
Паста шок.орех.НОЧЧОЛИТА СУПРЕМ ;кг;0;Фруктовое пюре;3620.00;;(ведро 12 кг.);;1
Паста шок.орех.ФАРЧИТОЗА ;кг;0;Фруктовое пюре;3240.00;;(ведро 12 кг.);;1
Паста шок.орех.ФАРЧИТОЗА ;кг;0;Фруктовое пюре;5040.00;;(ведро 20 кг.);;1
Паста шок.орех.НОЧЧОЛИТА ТОП ;кг;0;Фруктовое пюре;1980.00;;(ведро 6 кг.);;1
Паста шок.орех.НОЧЧОЛИТА ТОП ;кг;0;Фруктовое пюре;3852.00;;(ведро 12 кг.);;1
Паста ореховая НОЧЧИОБЬЯНКА КРУАССАН ;кг;0;Фруктовое пюре;2412.00;;(ведро 6 кг.);;1
Паста-наполнитель НОВЕЛЛА АВОРИО ;кг;0;Фруктовое пюре;1700.00;;(ведро 6 кг.);;1
Паста-наполнитель РОКСИКРЕМ ;кг;0;Фруктовое пюре;3150.00;;(ведро 12 кг.);;1
Паста шок.орех.ДЖАНДУЯ КРУАССАН термостойкая ;кг;0;Фруктовое пюре;3240.00;;(ведро 12 кг.);;1
Паста ореховая ФИСТАШКА КРЕМ 10 ;кг;0;Фруктовое пюре;2700.00;;(ведро 5 кг.);;1
Паста ореховая ФИСТАШКА КРЕМ ТОП 15 ;кг;0;Фруктовое пюре;3204.00;;(ведро 5 кг.);;1
Паста ореховая ФИСТАШКА КРУАССАН ;кг;0;Фруктовое пюре;3456.00;;(ведро 5 кг.);;1
Глазурь пастообразн.конд.ШОКОКРЕМ ;кг;0;Фруктовое пюре;396;;(ведро 1 кг.);;1
Глазурь пастообразн.конд.ШОКОКРЕМ ;кг;0;Фруктовое пюре;6120.00;;(ведро 25 кг.);;1
Глазурь пастообр.шок.МОРЕТТА БИТТЕР термост. ;кг;0;Фруктовое пюре;540;;(ведро 1 кг.);;1
Паста шоколадная МОРЕТТА ЭКСТРИМ ;кг;0;Фруктовое пюре;540;;(ведро 1 кг.);;1
Паста шоколадная МОРЕТТА ЭКСТРИМ ;кг;0;Фруктовое пюре;2160.00;;(ведро 6 кг.);;1
Паста шоколадная КРАНФИЛ КАРАМЕЛЬ ;кг;0;Фруктовое пюре;2268.00;;(ведро 3 кг.);;1
Паста шоколадная КРАНФИЛ ФИСТАШКА ;кг;0;Фруктовое пюре;3204.00;;(ведро 3 кг.);;1
Паста шоколадная КРАНФИЛ БЕЛЫЙ ШОКОЛАД ;кг;0;Фруктовое пюре;2592.00;;(ведро 3 кг.);;1
Паста шоколадная КРАНФИЛ ТЕМНЫЙ ШОКОЛАД ;кг;0;Фруктовое пюре;2448.00;;(ведро 3 кг.);;1
Паста шоколадная ДЕЛИКРИСП соленая карамель ;кг;0;Фруктовое пюре;3492.00;;(ведро 5 кг.);;1
Паста шоколадная ДЕЛИКРИСП кокос ;кг;0;Фруктовое пюре;2844.00;;(ведро 5 кг.);;1
Паста шоколадная ДЕЛИКРИСП красные ягоды ;кг;0;Фруктовое пюре;4968.00;;(ведро 5 кг.);;1
Паста ПРАЛИНЕ ГРЕЦКИЙ ОРЕХ ;кг;0;Фруктовое пюре;1270.00;;(ведро 0.9 кг.);;1
Паста ПРАЛИНЕ ДЖАНДУЯ ;кг;0;Фруктовое пюре;840;;(ведро 0.9 кг.);;1
Паста ПРАЛИНЕ АРАХИС-ШОКОЛАД ;кг;0;Фруктовое пюре;680;;(ведро 0.9 кг.);;1
Паста сахарно-ореховая ПРАЛИНЕ (НУГА) светлая ;кг;0;Фруктовое пюре;2592.00;;(пакет 2.5 кг.);;1
Паста ПРАЛИНЕ МИНДАЛЬ-МЯТА ;кг;0;Фруктовое пюре;1485.00;;(ведро 0.9 кг.);;1
Начинка ФРУТТИДОР ЯБЛОКО ;кг;0;Фруктовое пюре;1440.00;;(ведро 3.3 кг.);;1
Начинка ФРУТТИДОР АБРИКОС ;кг;0;Фруктовое пюре;1800.00;;(ведро 3.3 кг.);;1
Начинка ФРУТТИДОР ЧЕРНИКА ;кг;0;Фруктовое пюре;1872.00;;(ведро 3.3 кг.);;1
Начинка ФРУТТИДОР АПЕЛЬСИН ;кг;0;Фруктовое пюре;1728.00;;(ведро 3.3 кг.);;1
Начинка ФРУТТИДОР ПЕРСИК ;кг;0;Фруктовое пюре;1368.00;;(ведро 3.3 кг.);;1
Начинка ФРУТТИДОР АМАРЕНА ;кг;0;Фруктовое пюре;1893.60;;(ведро 5.5 кг.);;1
Начинка ФРУТТИДОР ЛЕСНЫЕ ЯГОДЫ ;кг;0;Фруктовое пюре;1764.00;;(ведро 3.3 кг.);;1
Начинка ФРУТТИДОР ГРУША ;кг;0;Фруктовое пюре;1317.60;;(ведро 3.3 кг.);;1
Начинка ФРУТТИДОР МАНГО ;кг;0;Фруктовое пюре;1548.00;;(ведро 3.3 кг.);;1
Начинка ФРУТТИДОР ТРОПИЧЕСКИЕ ФРУКТЫ ;кг;0;Фруктовое пюре;1620.00;;(ведро 3.3 кг.);;1
Начинка ФРУТТИДОР КЛУБНИКА ;кг;0;Фруктовое пюре;1800.00;;(ведро 3.3 кг.);;1
Начинка ФРУТТИДОР МАЛИНА ;кг;0;Фруктовое пюре;1908.00;;(ведро 3.3 кг.);;1
Начинка ФРУТТИДОР КРАСНАЯ ЧЕРЕШНЯ ;кг;0;Фруктовое пюре;1728.00;;(ведро 3.3 кг.);;1
Начинка КРЕМ ЛИМОН ;кг;0;Фруктовое пюре;1692.00;;(ведро 6 кг.);;1
Начинка КРЕМ АПЕЛЬСИН ;кг;0;Фруктовое пюре;1692.00;;(ведро 6 кг.);;1
Начинка КРЕМ ЛЕСНЫЕ ЯГОДЫ И ЙОГУРТ ;кг;0;Фруктовое пюре;1980.00;;(ведро 6 кг.);;1
Начинка фруктовая ЯБЛОКО ПИНК кубики 12х12 мм ;кг;0;Фруктовое пюре;576;;(банка 4.6 кг.);;1
Начинка фруктовая ЯБЛОКО ПИНК дольки ;кг;0;Фруктовое пюре;612;;(банка 4.6 кг.);;1
Начинка фруктовая ЯБЛОКО дольки ;кг;0;Фруктовое пюре;468;;(банка 4.6 кг.);;1
Начинка фрукт.КОНФРУТТИ черника ;кг;0;Фруктовое пюре;2736.00;;(ведро 5 кг.);;1
Начинка фрукт.КОНФРУТТИ абрикос ;кг;0;Фруктовое пюре;2232.00;;(ведро 5 кг.);;1
Паста-пюре фрукт.КОНФРУТТИ НАТУР клубника ;кг;0;Фруктовое пюре;720;;(пакет 1 кг.);;1
Паста-пюре фрукт.КОНФРУТТИ НАТУР малина ;кг;0;Фруктовое пюре;936;;(пакет 1 кг.);;1
Паста-пюре фрукт.КОНФРУТТИ НАТУР садов.ягоды ;кг;0;Фруктовое пюре;828;;(пакет 1 кг.);;1
Паста-пюре фрукт.КОНФРУТТИ НАТУР манго ;кг;0;Фруктовое пюре;756;;(пакет 1 кг.);;1
Паста-пюре фрукт.КОНФРУТТИ НАТУР маракуйя ;кг;0;Фруктовое пюре;990;;(пакет 1 кг.);;1
Паста-пюре фрукт.КОНФРУТТИ НАТУР банан ;кг;0;Фруктовое пюре;684;;(пакет 1 кг.);;1
Паста-пюре фрукт.КОНФРУТТИ НАТУР ананас ;кг;0;Фруктовое пюре;864;;(пакет 1 кг.);;1
Паста-пюре фрукт.КОНФРУТТИ НАТУР абрикос ;кг;0;Фруктовое пюре;698.4;;(пакет 1 кг.);;1
Паста-пюре фрукт.КОНФРУТТИ НАТУР вишня Гриот ;кг;0;Фруктовое пюре;756;;(пакет 1 кг.);;1
Паста-пюре фрукт.КОНФРУТТИ НАТУР мандарин ;кг;0;Фруктовое пюре;756;;(пакет 1 кг.);;1
Паста-пюре фрукт.КОНФРУТТИ НАТУР груша Вильям ;кг;0;Фруктовое пюре;684;;(пакет 1 кг.);;1
Паста кондитерская ДЕКОР СЕРЕБРО ;кг;0;Десертная паста;1296.00;;(банка 1.5 кг.);;1
Паста кондитерская ДЕКОР ЗОЛОТО ;кг;0;Десертная паста;1368.00;;(банка 1.5 кг.);;1
Паста кондитерская ДЕКОР БРОНЗА ;кг;0;Десертная паста;1152.00;;(банка 1.5 кг.);;1
Паста РОМ КРЕОЛЬСКИЙ АРОМА ;кг;0;Десертная паста;1080.00;;(флакон 1 кг.);;1
Паста ГОРЬКИЙ МИНДАЛЬ АРОМА ;кг;0;Десертная паста;1008.00;;(флакон 1 кг.);;1
Паста ВАНИЛЬ АРОМА ;кг;0;Десертная паста;936;;(флакон 1 кг.);;1
Паста КОФЕ АРОМА ;кг;0;Десертная паста;1044.00;;(флакон 1 кг.);;1
Паста ЛИМОН АРОМА ;кг;0;Десертная паста;1008.00;;(флакон 1 кг.);;1
Паста АПЕЛЬСИН АРОМА ;кг;0;Десертная паста;871.2;;(флакон 1 кг.);;1
Паста КЛУБНИКА АРОМА ;кг;0;Десертная паста;900;;(флакон 1 кг.);;1
Паста ФИСТАШКА АРОМА ;кг;0;Десертная паста;864;;(флакон 1 кг.);;1
Комплексная пищ.добавка премикс ЙОГУРТ-100 ;кг;0;Десертная паста;1152.00;;(пакет 1 кг.);;1
Комплексная пищевая добавка премикс КОКОС-100 ;кг;0;Десертная паста;1512.00;;(пакет 1 кг.);;1
Паста десертная КОКОС ;кг;0;Десертная паста;2556.00;;(ведро 3 кг.);;1
Паста десертная ЛЕСНОЙ ОРЕХ ;кг;0;Десертная паста;7200.00;;(ведро 3 кг.);;1
Паста десертная МАСКАРПОНЕ ;кг;0;Десертная паста;1440.00;;(банка 1.2 кг.);;1
Паста десертная ФИСТАШКА ;кг;0;Десертная паста;5760.00;;(ведро 3 кг.);;1
Паста десертная ФИСТАШКА ИТАЛИЯ НК ;кг;0;Десертная паста;5904.00;;(ведро 3 кг.);;1
Паста десертная ГРЕЦКИЙ ОРЕХ ;кг;0;Десертная паста;6192.00;;(ведро 3 кг.);;1
Паста десертная ПЕЧЕНЬЕ ;кг;0;Десертная паста;3384.00;;(ведро 3 кг.);;1
Паста десертная СЛИВОЧНАЯ КАРАМЕЛЬ ;кг;0;Десертная паста;2736.00;;(ведро 3 кг.);;1
Паста десертная ВАНИЛЬ КЛАССИК ;кг;0;Десертная паста;5076.00;;(ведро 3 кг.);;1
Паста десертная ЗАБАЙОНЕ ;кг;0;Десертная паста;1332.00;;(банка 1.2 кг.);;1
Паста десертная МЯТА ;кг;0;Десертная паста;3096.00;;(ведро 3 кг.);;1
Паста десертная ШОКОЛАД ;кг;0;Десертная паста;2520.00;;(ведро 3 кг.);;1
Паста десертная КАРАМЕЛЬ ;кг;0;Десертная паста;2520.00;;(ведро 3 кг.);;1
Паста десертная ТИРАМИСУ ;кг;0;Десертная паста;1512.00;;(банка 1.2 кг.);;1
Паста десертная ЖЕВАТЕЛЬНАЯ РЕЗИНКА ;кг;0;Десертная паста;2664.00;;(ведро 3 кг.);;1
Паста десертная ЛЕСНАЯ ЯГОДА ;кг;0;Десертная паста;3528.00;;(ведро 3 кг.);;1
Паста десертная МАЛИНА ;кг;0;Десертная паста;4320.00;;(ведро 3 кг.);;1
Паста десертная ПЕРСИК с кусочками ;кг;0;Десертная паста;2880.00;;(ведро 3 кг.);;1
Паста десертная МАРАКУЙЯ ;кг;0;Десертная паста;3024.00;;(ведро 3 кг.);;1
Паста десертная КЛУБНИКА ;кг;0;Десертная паста;1512.00;;(ведро 1.4 кг.);;1
Паста десертная ДЫНЯ с кусочками ;кг;0;Десертная паста;2700.00;;(ведро 3 кг.);;1
Паста десертная ЗЕЛЕНОЕ ЯБЛОКО с кусочками ;кг;0;Десертная паста;3168.00;;(ведро 3 кг.);;1
Паста десертная АНАНАС с кусочками ;кг;0;Десертная паста;2808.00;;(ведро 3 кг.);;1
Паста десертная БАНАН ;кг;0;Десертная паста;2484.00;;(ведро 3 кг.);;1
Паста десертная МАНГО с кусочками ;кг;0;Десертная паста;3096.00;;(ведро 3 кг.);;1
Паста десертная ЛИМОННАЯ ЦЕДРА ;кг;0;Десертная паста;864;;(банка 1.5 кг.);;1
Паста десертная АПЕЛЬСИНОВАЯ ЦЕДРА ;кг;0;Десертная паста;936;;(банка 1.5 кг.);;1
Наполнитель МОЛОЧНЫЙ ШОКОЛАД и злаки ;кг;0;топпинг;2426.40;;(ведро 3 кг.);;1
Наполнитель ГРАНАТ ;кг;0;топпинг;2167.20;;(ведро 3 кг.);;1
Топпинг ВИШНЯ ;кг;0;топпинг;331.2;;(бутылка 1 кг.);;1
Топпинг АПЕЛЬСИН ;кг;0;топпинг;331.2;;(бутылка 1 кг.);;1
Топпинг МАРШМЕЛЛОУ ;кг;0;топпинг;331.2;;(бутылка 1 кг.);;1
Топпинг ПРЯНОЕ ПЕЧЕНЬЕ ;кг;0;топпинг;421.2;;(бутылка 1 кг.);;1
Топпинг МАЛИНА ;кг;0;топпинг;331.2;;(бутылка 1 кг.);;1
Топпинг ШОКОЛАД ;кг;0;топпинг;331.2;;(бутылка 1 кг.);;1
Топпинг КЛУБНИКА ;кг;0;топпинг;331.2;;(бутылка 1 кг.);;1
Топпинг КАРАМЕЛЬ ;кг;0;топпинг;331.2;;(флакон 1 кг.);;1
Топпинг МАНГО ;кг;0;топпинг;331.2;;(флакон 1 кг.);;1
Топпинг САДОВЫЕ ЯГОДЫ ;кг;0;топпинг;331.2;;(флакон 1 кг.);;1
Топпинг КИВИ ;кг;0;топпинг;324;;(флакон 1.2 кг.);;1
Наполнитель шоколадный МАКАО ;кг;0;топпинг;2304.00;;(ведро 3 кг.);;1
Наполнитель ВИШНЯ ;кг;0;топпинг;2304.00;;(ведро 3 кг.);;1
Наполнитель ШОКОЛАД С ПЕЧЕНЬЕМ ;кг;0;топпинг;2376.00;;(ведро 3 кг.);;1
Паста десертная АБРИКОС ;кг;0;Десертная паста;3888.00;;(банка 3 кг.);;1
Паста десертная ЗЕМЛЯНИКА ;кг;0;Десертная паста;5040.00;;(банка 3 кг.);;1
Паста десертная ВИШНЯ ;кг;0;Десертная паста;3960.00;;(банка 3 кг.);;1
Паста десертная ГРУША ;кг;0;Десертная паста;4163.76;;(ведро 3 кг.);;1
Паста десертная ПРЯНОЕ ПЕЧЕНЬЕ ;кг;0;Десертная паста;7200.00;;(банка 5 кг.);;1
Паста десертная БИТТЕР ЛИМОН ;кг;0;Десертная паста;4212.00;;(ведро 3 кг.);;1
Паста десертная МЯТА ;кг;0;Десертная паста;4060.80;;(ведро 3 кг.);;1
Паста десертная МАНДАРИН ;кг;0;Десертная паста;4464.00;;(банка 3 кг.);;1
Паста десертная ВАНИЛЬ ;кг;0;Десертная паста;5040.00;;(ведро 4.5 кг.);;1
Паста десертная ВАНИЛЬ БУРБОН ;кг;0;Десертная паста;9000.00;;(ведро 4.5 кг.);;1
Паста десертная КАРАМЕЛЬ ;кг;0;Десертная паста;4896.00;;(банка 4.5 кг.);;1
Паста десертная КАПУЧИНО ;кг;0;Десертная паста;4716.00;;(ведро 3 кг.);;1
Паста десертная КЛУБНИКА ;кг;0;Десертная паста;4032.00;;(банка 3 кг.);;1
Паста десертная МАНГО ;кг;0;Десертная паста;3996.00;;(банка 3 кг.);;1
Паста десертная АНАНАС ;кг;0;Десертная паста;3744.00;;(ведро 3 кг.);;1
Паста десертная ДЫНЯ ;кг;0;Десертная паста;3758.40;;(ведро 3 кг.);;1
Паста десертная КИВИ ;кг;0;Десертная паста;4032.00;;(банка 3 кг.);;1
Паста десертная ЧЕРНАЯ СМОРОДИНА ;кг;0;Десертная паста;5241.60;;(ведро 3 кг.);;1
Паста десертная БАНАН ;кг;0;Десертная паста;3564.00;;(ведро 3 кг.);;1
Паста десертная АНАНАС ;кг;0;Десертная паста;3715.20;;(ведро 3 кг.);;1
Паста десертная МАЛИНА ;кг;0;Десертная паста;3715.20;;(ведро 3 кг.);;1
Паста десертная ЛЕСНЫЕ ЯГОДЫ ;кг;0;Десертная паста;4140.00;;(ведро 3 кг.);;1
Паста десертная ПЕРСИК ;кг;0;Десертная паста;3715.20;;(ведро 3 кг.);;1
Паста десертная МАРАКУЙЯ ;кг;0;Десертная паста;4680.00;;(ведро 3 кг.);;1
Паста десертная РОЗА ;кг;0;Десертная паста;3628.80;;(ведро 3 кг.);;1
Паста десертная АПЕЛЬСИН ;кг;0;Десертная паста;3852.00;;(ведро 3 кг.);;1
Паста десертная МАЛАГА ;кг;0;Десертная паста;6264.00;;(банка 5 кг.);;1
Паста десертная ПИНА КОЛАДА ;кг;0;Десертная паста;5904.00;;(банка 4 кг.);;1
Паста десертная ВИСКИКРЕМ ;кг;0;Десертная паста;9360.00;;(банка 4.5 кг.);;1
Паста десертная БИСКОТТО ;кг;0;Десертная паста;6840.00;;(ведро 4.5 кг.);;1
Паста десертная АМАЛЬФИ ;кг;0;Десертная паста;9216.00;;(банка 3.5 кг.);;1
Паста десертная НЬЮ ЙО ;кг;0;Десертная паста;9000.00;;(ведро 4.5 кг.);;1
Паста десертная ТИРАМИСУ ;кг;0;Десертная паста;5760.00;;(ведро 4 кг.);;1
Паста десертная МЕКРАФ ;кг;0;Десертная паста;9360.00;;(банка 4 кг.);;1
Паста десертная МИСТЕР НИКО ;кг;0;Десертная паста;6480.00;;(ведро 4 кг.);;1
Паста десертная НОЧЧИОЛА-ЛА-ЛА ;кг;0;Десертная паста;19080.00;;(банка 5 кг.);;1
Паста десертная ФИСТАШКА СИЦИЛИЙСКАЯ ;кг;0;Десертная паста;31104.00;;(банка 4 кг.);;1
Паста десертная ФИСТАШКА ЧИСТАЯ ;кг;0;Десертная паста;23832.00;;(ведро 4 кг.);;1
Паста десертная ЛАЗУРЬ ;кг;0;Десертная паста;6552.00;;(банка 5 кг.);;1
Паста десертная БУБЛЬГУМ ;кг;0;Десертная паста;7704.00;;(банка 5 кг.);;1
Паста десертная ПЕРСИК ;кг;0;Десертная паста;3096.00;;(ведро 2.5 кг.);;1
Паста десертная ЗЕЛЕНЫЙ ЧАЙ ;кг;0;Десертная паста;4334.40;;(банка 2.5 кг.);;1
Паста десертная ГРУША ;кг;0;Десертная паста;3528.00;;(ведро 2.5 кг.);;1
Паста десертная МАНДАРИН ;кг;0;Десертная паста;3600.00;;(банка 2.5 кг.);;1
Паста десертная ГУСТОКРЕМ ЛАЙМЕТТА ;кг;0;Десертная паста;2880.00;;(банка 1.5 кг.);;1
Паста десертная ГУСТОКРЕМ АПЕЛЬСИН ;кг;0;Десертная паста;2880.00;;(банка 1.5 кг.);;1
Паста десертная ЧЕРРИ МАНИЯ ;кг;0;Десертная паста;7632.00;;(банка 5 кг.);;1
Паста десертная РОЗОВЫЙ ГРЕЙПФРУТ ;кг;0;Десертная паста;3888.00;;(банка 2.5 кг.);;1
Паста десертная ТРОПИК ;кг;0;Десертная паста;3672.00;;(банка 2.5 кг.);;1
Паста десертная ЗЕЛЕНОЕ ЯБЛОКО ;кг;0;Десертная паста;3801.60;;(ведро 3 кг.);;1
Черешня красная МИНИ 14/16 мм.НАППИ ;кг;0;Цукаты;2628.00;;(короб 5 кг.);;1
Черешня засах.красная 20/22 мм.с веточкой ;кг;0;Цукаты;3456.00;;(короб 5 кг.);;1
Черешня засах.красная 20/22 мм.с веточкой ;кг;0;Цукаты;720;;(короб 0.9 кг.);;1
Черешня засах.красная 18/20 мм ИТАЛКАНДИТИ ;кг;0;Цукаты;1944.00;;(короб 4 кг.);;1
Черешня засах.красная 20/22 мм.НАППИ ;кг;0;Цукаты;2088.00;;(короб 5 кг.);;1
Черешня засах.красная 20/22 мм.АМБРОЗИО ;кг;0;Цукаты;2160.00;;(короб 5 кг.);;1
Черешня засах.черная 20/22 мм.АМБРОЗИО ;кг;0;Цукаты;2376.00;;(короб 5 кг.);;1
Черешня засах.зеленая 20/22 мм.АМБРОЗИО ;кг;0;Цукаты;2304.00;;(короб 5 кг.);;1
Черешня засах.желтая 20/22 мм.АМБРОЗИО ;кг;0;Цукаты;2232.00;;(короб 5 кг.);;1
Апельсиновые засах. дольки ИТАЛКАНДИТИ ;кг;0;Цукаты;4896.00;;(короб 10 кг.);;1
Апельсин.корочка засах.кубик.6х6 мм.АМБРОЗИО ;кг;0;Цукаты;1008.00;;(короб 5 кг.);;1
Апельсиновая корочка засах.куб.6х6 мм.НАППИ ;кг;0;Цукаты;2016.00;;(короб 10 кг.);;1
Апельсиновая корочка засах.куб.4х4 мм.НАППИ ;кг;0;Цукаты;1044.00;;(короб 5 кг.);;1
Апельсин.корочка засах.кубик.4х4 мм.АМБРОЗИО ;кг;0;Цукаты;1044.00;;(короб 5 кг.);;1
Лимонная.корочка засах.кубик.6х6 мм.АМБРОЗИО ;кг;0;Цукаты;1224.00;;(короб 5 кг.);;1
Лимонная корочка засах.кубик 6х6 мм.НАППИ ;кг;0;Цукаты;1260.00;;(короб 5 кг.);;1
Лимонная корочка засах.кубик 4х4 мм.НАППИ ;кг;0;Цукаты;1260.00;;(короб 5 кг.);;1
Лимонная.корочка засах.кубик.4х4 мм.АМБРОЗИО ;кг;0;Цукаты;1260.00;;(короб 5 кг.);;1
Апельсин.корочка засах.полоска.6х60 мм. ;кг;0;Цукаты;2880.00;;(короб 5 кг.);;1
Лимонная корочка засах.полоска.6х60 мм. ;кг;0;Цукаты;3528.00;;(короб 5 кг.);;1
Фрукты засах.ассорти кубик.6х6 мм ;кг;0;Цукаты;1224.00;;(короб 5 кг.);;1
Фрукты засах.разноцвет.кубик.6х6 мм.АМБРОЗИО ;кг;0;Цукаты;1224.00;;(короб 5 кг.);;1
Фрукты засах.разноцвет.кубик.4х4 мм.АМБРОЗИО ;кг;0;Цукаты;1375.20;;(короб 5 кг.);;1
Мандарин засах.целый АМБРОЗИО ;кг;0;Цукаты;1800.00;;(короб 5 кг.);;1
Груша засах.целая красная АМБРОЗИО ;кг;0;Цукаты;2376.00;;(короб 5 кг.);;1
Груша засах.целая зеленая АМБРОЗИО ;кг;0;Цукаты;2376.00;;(короб 5 кг.);;1
Фрукты засах.целые ассорти АМБРОЗИО ;кг;0;Цукаты;2376.00;;(короб 5 кг.);;1
Черешня АМАРЕНА в сиропе с веточкой 20/22 мм. ;кг;0;Цукаты;2304.00;;(банка 3.3 кг.);;1
Черешня АМАРЕНА в сиропе 18/20 мм. ;кг;0;Цукаты;518.4;;(банка 1 кг.);;1
Черешня АМАРЕНА в сиропе 20/22 мм. ;кг;0;Цукаты;2376.00;;(банка 5 кг.);;1
Черешня засах.АМАРЕНА ЭКСТРА14/16 мм ;кг;0;Цукаты;828;;(короб 1 кг.);;1
Лимонная корочка засах.кубик.9х9 мм.ЭКСТРА ;кг;0;Цукаты;1584.00;;(короб 5 кг.);;1
Апельсин.корочка засах.кубик.9х9 мм.ЭКСТРА ;кг;0;Цукаты;4536.00;;(короб 10 кг.);;1
Черешня с вет.коктейльная красн.Мараскино ;кг;0;Цукаты;2016.00;;(банка 4.8 кг.);;1
Черешня КОКТЕЙЛЬ с веточкой красн.20/22 мм. ;кг;0;Цукаты;2052.00;;(банка 4.8 кг.);;1
Черешня КОКТЕЙЛЬ с веточкой красн.18/20 мм. ;кг;0;Цукаты;900;;(банка 1.95 кг.);;1
Черешня с вет.коктейльная красн.Мараскино ;кг;0;Цукаты;1224.00;;(банка 3 кг.);;1
Черешня КОКТЕЙЛЬ с веточкой красн. ;кг;0;Цукаты;1224.00;;(банка 3 кг.);;1
Черешня КОКТЕЙЛЬ с веточкой красн. ;кг;0;Цукаты;2016.00;;(банка 4.8 кг.);;1
Черешня КОКТЕЙЛЬ с веточкой желтая ;кг;0;Цукаты;1080.00;;(банка 3 кг.);;1
Черешня КОКТЕЙЛЬ с веточкой зеленая ;кг;0;Цукаты;1080.00;;(банка 3 кг.);;1
Черешня КОКТЕЙЛЬ с веточкой красн. НК ;кг;0;Цукаты;1224.00;;(банка 3 кг.);;1
Черешня КОКТЕЙЛЬ с веточкой красн. ;кг;0;Цукаты;432;;(банка 0.95 кг.);;1
Черешня КОКТЕЙЛЬ с веточкой красн. ;кг;0;Цукаты;432;;(банка 0.75 кг.);;1
Черешня КОКТЕЙЛЬ с веточкой зелен. ;кг;0;Цукаты;450;;(банка 0.95 кг.);;1
Черешня КОКТЕЙЛЬ с веточкой желтая ;кг;0;Цукаты;432;;(банка 0.95 кг.);;1
Глазурь БРИЛЛО КЛУБНИКА ;кг;0;Глазурь;1949.04;;(ведро 6 кг.);;1
Глазурь БРИЛЛО КАРАМЕЛЬ ;кг;0;Глазурь;1656.00;;(ведро 6 кг.);;1
Глазурь БРИЛЛО ШОКОЛАД ;кг;0;Глазурь;1728.00;;(ведро 6 кг.);;1
Глазурь БРИЛЛО БЕЛЫЙ ШОКОЛАД ;кг;0;Глазурь;2016.00;;(ведро 6 кг.);;1
Глазурь желейная БРИЛГЕЛЬ ;кг;0;Глазурь;1620.00;;(ведро 6 кг.);;1
Глазурь желейная БРИЛГЕЛЬ ;кг;0;Глазурь;396;;(ведро 1 кг.);;1
Глазурь желейная ФРИО ;кг;0;Глазурь;1512.00;;(ведро 7 кг.);;1
Глазурь желейная КОЛДГЕЛЬ NEW ;кг;0;Глазурь;1188.00;;(ведро 6 кг.);;1
Глазурь желейная ДЕКОРГЕЛЬ нейтральная ;кг;0;Глазурь;432;;(ведро 1 кг.);;1
Глазурь желейная абрикосовая ;кг;0;Глазурь;4248.00;;(ведро 25 кг.);;1
Глазурь желейная НОВОГЕЛЬ нейтральная ;кг;0;Глазурь;360;;(ведро 1 кг.);;1
Глазурь желейная НОВОГЕЛЬ нейтральная ;кг;0;Глазурь;1332.00;;(ведро 6 кг.);;1
Глазурь желейная НОВОГЕЛЬ нейтральная ;кг;0;Глазурь;2484.00;;(ведро 12 кг.);;1
Глазурь желейная РОЯЛГЕЛЬ ;кг;0;Глазурь;3204.00;;(ведро 14 кг.);;1
Глазурь гляссажная КОВЕРГЛАС ШОКОЛАД ;кг;0;Глазурь;720;;(ведро 3 кг.);;1
Глазурь гляссажная КОВЕРГЛАС БЕЛЫЙ ШОКОЛАД ;кг;0;Глазурь;770.4;;(ведро 3 кг.);;1
Глазурь гляссажная КОВЕРГЛАС КЛУБНИКА ;кг;0;Глазурь;770.4;;(ведро 3 кг.);;1
Глазурь гляссажная КОВЕРГЛАС ЛАЙМ ;кг;0;Глазурь;792;;(ведро 3 кг.);;1
Глазурь гляссажная КОВЕРГЛАС КАРАМЕЛЬ ;кг;0;Глазурь;770.4;;(ведро 3 кг.);;1
Глазурь гляссажная КОВЕРГЛАС КАРАМЕЛЬ МУ ;кг;0;Глазурь;828;;(ведро 3 кг.);;1
Глазурь мягкая МИРУАР АПЕЛЬСИН ;кг;0;Глазурь;1512.00;;(ведро 3 кг.);;1
Глазурь мягкая МИРУАР ВАНИЛЬ ;кг;0;Глазурь;1584.00;;(ведро 3 кг.);;1
Глазурь мягкая МИРУАР КЛУБНИКА ;кг;0;Глазурь;1584.00;;(ведро 3 кг.);;1
Глазурь мягкая МИРУАР ФИСТАШКА ;кг;0;Глазурь;1512.00;;(ведро 3 кг.);;1
Глазурь желейная МИРУАР ШОКОЛАД ;кг;0;Глазурь;1476.00;;(ведро 3 кг.);;1
Шоколад темный 36/38 ;кг;0;шоколад;4802.40;;(короб 10 кг.);;1
Шоколад молочный 30/32 ;кг;0;шоколад;4464.00;;(короб 10 кг.);;1
Шоколад белый 32/34 ;кг;0;шоколад;4939.20;;(короб 10 кг.);;1
Шоколад темный 36/38 ;кг;0;шоколад;1375.20;;(пакет 2.5 кг.);;1
Шоколад молочный 30/32 ;кг;0;шоколад;1296.00;;(пакет 2.5 кг.);;1
Шоколад белый 32/34 ;кг;0;шоколад;1512.00;;(пакет 2.5 кг.);;1
Шоколад темный ШОКО НЕРО 72% ;кг;0;шоколад;5328.00;;(короб 10 кг.);;1
Шоколад темный ШОКО НЕРО 52% ;кг;0;шоколад;4248.00;;(короб 10 кг.);;1
Шоколад молочный ШОКО ЛАТТЕ 30% ;кг;0;шоколад;4896.00;;(короб 10 кг.);;1
Шоколад белый ШОКО БЬЯНКО 34/36 ;кг;0;шоколад;5256.00;;(короб 10 кг.);;1
Посыпка шоколадная КРОШКА ТЕМНАЯ ;кг;0;шоколад;432;;(мешок 1 кг.);;1
Посыпка шоколадная КРОШКА ТЕМНАЯ ;кг;0;шоколад;2016.00;;(мешок 5 кг.);;1
Посыпка шоколадная КРОШКА МОЛОЧНАЯ ;кг;0;шоколад;432;;(мешок 1 кг.);;1
Посыпка шоколадная КРОШКА БЕЛАЯ ;кг;0;шоколад;540;;(мешок 1 кг.);;1
Посыпка шоколадная ВЕРМИШЕЛЬ БЕЛАЯ ;кг;0;шоколад;2520.00;;(мешок 5 кг.);;1
Посыпка шоколадная ВЕРМИШЕЛЬ ТЕМНАЯ ;кг;0;шоколад;432;;(мешок 1 кг.);;1
Посыпка шоколадная ВЕРМИШЕЛЬ МОЛОЧНАЯ ;кг;0;шоколад;432;;(мешок 1 кг.);;1
Посыпка шоколадная ВЕРМИШЕЛЬ БЕЛАЯ ;кг;0;шоколад;504;;(мешок 1 кг.);;1
Какао-масло ;кг;0;какао;4176.00;;(ведро 4 кг.);;1
Какао-масло ;кг;0;какао;828;;(ведро 0.75 кг.);;1
Какао-масло ;кг;0;какао;4032.00;;(ведро 4 кг.);;1
Какао-паста ;кг;0;какао;2592.00;;(короб 4 кг.);;1
Какао-порошок 10/12 ;кг;0;какао;430.56;;(пакет 1 кг.);;1
Какао-порошок 22/24 ;кг;0;какао;576;;(пакет 1 кг.);;1
Какао-порошок 22/24 10х1 кг. ;кг;0;какао;5760.00;;(короб 10 кг.);;1
Какао-порошок 22/24 ;кг;0;какао;547.2;;(пакет 1 кг.);;1
Какао-порошок 22/24 ;кг;0;какао;9792.00;;(мешок 20 кг.);;1
Глазурь сахарная белая ;кг;0;глазурь;3636.00;;(ведро 25 кг.);;1
Глазурь сахарная ;кг;0;глазурь;2448.00;;(короб 15 кг.);;1
Глазурь сахарная ФОНДАНТ СОФТ ;кг;0;глазурь;2592.00;;(ведро 14 кг.);;1
Глазурь сахарн.ореховая РЕАЛ ;кг;0;глазурь;432;;(мешок 1 кг.);;1
Глазурь кондит."Шок.термостаб.капли 1200" ;кг;0;глазурь;432;;(мешок 1 кг.);;1
Глазурь кондит."Шок.термостаб.капли 1600" ;кг;0;глазурь;432;;(мешок 1 кг.);;1
Глазурь белая КИРОН ;кг;0;глазурь;3600.00;;(короб 10 кг.);;1
Глазурь какаосодержащая КИРОН ;кг;0;глазурь;3312.00;;(короб 10 кг.);;1
Глазурь кондит."Шок.термостаб.капли 1200" ;кг;0;глазурь;7200.00;;(мешок 25 кг.);;1
Глазурь кондит."Шок.термостаб.капли 1600" ;кг;0;глазурь;7344.00;;(мешок 25 кг.);;1
Глазурь белая "Шок.термостаб.капли 1600" ;кг;0;глазурь;3528.00;;(короб 10 кг.);;1
Глазурь кондит."Шок.диски ИТАЛИКА" ;кг;0;глазурь;446.4;;(мешок 1 кг.);;1
Глазурь кондит."Шок.диски ИТАЛИКА" ;кг;0;глазурь;6768.00;;(мешок 25 кг.);;1
Глазурь какаосодерж.конд."Шок.диски ТОПКОВЕР" ;кг;0;глазурь;3960.00;;(короб 10 кг.);;1
Глазурь белая "Шок.диски ТОПКОВЕР" ;кг;0;глазурь;3672.00;;(мешок 10 кг.);;1
Глазурь белая "Шок.диски ИТАЛИКА" ;кг;0;глазурь;504;;(мешок 1 кг.);;1
Глазурь белая "Шок.диски ИТАЛИКА" ;кг;0;глазурь;7920.00;;(мешок 25 кг.);;1
Глазурь "М" Молочный шоколад ;кг;0;глазурь;4086.72;;(ведро 2.5 кг.);;1
Глазурь "М" Шоколад ;кг;0;глазурь;6984.00;;(банка 5.5 кг.);;1
Глазурь "М" Белый шоколад ;кг;0;глазурь;2736.00;;(ведро 2.3 кг.);;1
Глазурь "М" Фисташка ;кг;0;глазурь;6480.00;;(ведро 2.3 кг.);;1
Глазурь "М" Лесной орех ;кг;0;глазурь;3456.00;;(ведро 2.3 кг.);;1
Глазурь "М" Клубника ;кг;0;глазурь;3600.00;;(ведро 2.5 кг.);;1
Глазурь "М" Лимон ;кг;0;глазурь;3168.00;;(ведро 2.3 кг.);;1
Венская помадка;кг;4;Кондитерские смеси;0;;;;1
Венский пирог микс "Бакальдрин";кг;9;Кондитерские смеси;0;;;;1
Духи сухие;кг;5;Кондитерские смеси;0;;;;1
ИЗИ Бисквит  смесь;кг;3;Кондитерские смеси;0;;;;1
Изи Бисквит Какао;кг;8;Кондитерские смеси;0;;;;1
ИЗИ  Старт (для бездрожжевых изделий);кг;9;Кондитерские смеси;0;;;;1
Кейк Микс (бисквит,кекс,печенье) 25 кг;кг;3;Кондитерские смеси;0;;;;1
Концентрат для пончиков Бакальдрин;кг;1;Кондитерские смеси;0;;;;1
Макарони микс смесь миндально-белковая;кг;6;Кондитерские смеси;0;;;;1
Макарони  смесь шоколадная Баргус 4В90201;кг;3;Кондитерские смеси;0;;;;1
Микс Захер;кг;8;Кондитерские смеси;0;;;;1
Пурамаффин;кг;5;Кондитерские смеси;0;;;;1
Смесь для бисквита  Красный Бархат;кг;10;Кондитерские смеси;0;;;;1
Смесь для бисквита  основного  "Экстра" 4В40101;кг;8;Кондитерские смеси;0;;;;1
Смесь для бисквита Супер Бисквит новый;кг;6;Кондитерские смеси;0;;;;1
Смесь для заварного теста "Шу Микс"(СиЭсЭм);кг;7;Кондитерские смеси;0;;;;1
Смесь для кекса и маф шоколад (мучная) Росмикс 04119;кг;5;Кондитерские смеси;0;;;;1
Смесь для кекса и маффина (мучная) Росмикс 04102;кг;1;Кондитерские смеси;0;;;;1
Смесь для маффинов"Королевский ШокоМаффин 12-ти%"10кг;кг;5;Кондитерские смеси;0;;;;1
Смесь для маффина "Профи-Маффин";кг;6;Кондитерские смеси;0;;;;1
Смесь для маффина (белая) 4В30504;кг;2;Кондитерские смеси;0;;;;1
Смесь  для маффина Ваниль20;кг;8;Кондитерские смеси;0;;;;1
Смесь для маффина ФА Маффин Ванильно-сливочный;кг;3;Кондитерские смеси;0;;;;1
Смесь для маффина ФА Маффин Шоколадный Экстра;кг;2;Кондитерские смеси;0;;;;1
Смесь Имбирный пряник;кг;1;Кондитерские смеси;0;;;;1
Смесь  Кондитер Микс;кг;9;Кондитерские смеси;0;;;;1
Смесь конц."Монтемикс" 45/01Ш;кг;7;Кондитерские смеси;0;;;;1
Смесь конц. для маффинов "Маффин С20";кг;8;Кондитерские смеси;0;;;;1
Смесь Монабейк 60/03;кг;5;Кондитерские смеси;0;;;;1
Смесь Монабейк 60/05;кг;10;Кондитерские смеси;0;;;;1
Смесь Монтебисквит 12/05;кг;7;Кондитерские смеси;0;;;;1
Смесь Монтебисквит 12/05 Ш;кг;4;Кондитерские смеси;0;;;;1
Смесь Монтемикс 45/01;кг;1;Кондитерские смеси;0;;;;1
Смесь Монтемикс 45/01 Ш;кг;2;Кондитерские смеси;0;;;;1
Смесь Профимикс 25/01;кг;4;Кондитерские смеси;0;;;;1
Смесь Сдоба Микс;кг;9;Кондитерские смеси;0;;;;1
